campaign_id,n_nodes,n_spam,spam_ratio,sim_edges,burst_edges,main_product,is_campaign,nodes
1,374,38,0.102,158,578,3745,False,"[22529, 24586, 22539, 24587, 22545, 22546, 22548, 22553, 24615, 2101, 54, 4161, 4162, 4163, 4166, 2119, 2120, 2123, 26723, 4207]"
2,245,71,0.29,227,288,3876,False,"[28674, 29187, 28676, 28675, 8706, 8707, 2562, 23050, 28683, 29717, 28188, 25630, 25633, 23074, 23073, 28713, 28715, 2624, 1093, 29766]"
3,196,40,0.204,192,170,3237,False,"[23041, 24066, 16900, 2567, 16394, 16396, 11277, 16398, 23055, 17935, 2576, 22036, 10774, 24088, 15896, 8227, 15908, 12327, 11304, 15913]"
4,174,2,0.011,119,238,4988,False,"[13824, 3585, 6658, 4611, 7171, 22021, 6662, 6663, 3592, 3586, 4100, 3083, 26636, 3084, 3086, 3085, 3599, 13838, 16911, 26644]"
5,115,3,0.026,87,87,3318,False,"[11777, 27652, 3095, 17946, 17947, 20510, 27680, 23584, 23586, 27685, 20525, 20527, 3123, 20538, 27721, 12366, 22103, 20061, 22111, 27754]"
6,114,10,0.088,51,121,2605,False,"[9728, 27661, 19992, 27675, 11302, 4653, 4655, 4660, 15421, 15422, 8771, 11334, 22605, 22622, 615, 8825, 6266, 8314, 8829, 9855]"
7,100,22,0.22,70,72,9,False,"[13830, 15374, 13839, 15376, 5650, 13850, 13338, 24090, 15396, 25124, 10296, 10308, 5700, 13387, 24154, 24158, 24159, 7797, 23673, 23681]"
8,90,59,0.656,143,184,56,True,"[28672, 28680, 28189, 28195, 28709, 28203, 28718, 28719, 28722, 28723, 28724, 29239, 28223, 28224, 28225, 29251, 29256, 3666, 28242, 28252]"
9,86,6,0.07,133,28,4148,False,"[6145, 21508, 1557, 20505, 33, 8738, 10797, 23604, 27196, 9284, 3141, 9286, 19538, 5211, 15461, 20582, 112, 20599, 15480, 7810]"
10,70,8,0.114,48,57,1881,False,"[1792, 24833, 19970, 13700, 4614, 4615, 4619, 28044, 20364, 4620, 19983, 19985, 20371, 26515, 13591, 5145, 3354, 26523, 16921, 29469]"
11,59,7,0.119,58,29,2127,False,"[3330, 4612, 4613, 22532, 516, 1416, 28939, 400, 23057, 2322, 11925, 5911, 2328, 17691, 2331, 21532, 21533, 2340, 2343, 22568]"
12,50,3,0.06,42,29,3188,False,"[27009, 19074, 12554, 16011, 12557, 18702, 22797, 27922, 10645, 16023, 27929, 16026, 12572, 15260, 19872, 20129, 24739, 6437, 11686, 6440]"
13,46,22,0.478,43,84,4363,False,"[29825, 29059, 29063, 29066, 29195, 29068, 29069, 29070, 29197, 29325, 29965, 29079, 28955, 29083, 29339, 29858, 29475, 29094, 29991, 29867]"
14,42,3,0.071,33,17,1809,False,"[7813, 23301, 23303, 23559, 24458, 26125, 23569, 5906, 20113, 6040, 6041, 28186, 23323, 14234, 22304, 22306, 22309, 1716, 18101, 23609]"
15,40,3,0.075,31,27,4223,False,"[4736, 19072, 14979, 19075, 19846, 25737, 14986, 20619, 16395, 14477, 13070, 4751, 14478, 25738, 21394, 20, 21397, 21396, 14490, 9885]"
16,40,9,0.225,69,47,4735,False,"[29968, 29972, 29980, 29213, 29726, 29214, 29215, 29729, 29986, 29984, 29990, 29992, 28970, 29997, 29615, 29617, 28851, 29877, 29109, 29110]"
17,38,3,0.079,33,27,3136,False,"[29056, 8963, 16267, 24594, 29439, 2836, 16277, 25875, 28829, 2846, 25889, 3495, 2859, 9644, 6189, 8366, 3500, 21552, 11327, 2882]"
18,35,21,0.6,109,42,1597,True,"[29827, 28806, 28812, 28814, 28818, 28827, 28716, 29232, 28727, 28861, 28864, 29381, 28745, 29386, 29387, 29391, 29008, 28757, 29270, 29016]"
19,31,9,0.29,18,23,3136,False,"[20097, 28162, 10758, 20103, 21512, 20108, 9998, 4754, 12180, 149, 10005, 11670, 11671, 21530, 1307, 4773, 13822, 2215, 2216, 4777]"
20,30,3,0.1,18,30,3875,False,"[26624, 11403, 6264, 21542, 21809, 17713, 21560, 28216, 21819, 7617, 9666, 21575, 11209, 13386, 11211, 11210, 21581, 27983, 7633, 26065]"
21,28,11,0.393,19,40,4698,False,"[28416, 29830, 28043, 28427, 29585, 29846, 29567, 29605, 28333, 29871, 29497, 28348, 29501, 28862, 28863, 28358, 28361, 28369, 29522, 28372]"
22,27,0,0.0,12,30,4988,False,"[6431, 4008, 8491, 4015, 8756, 8759, 8763, 6471, 21197, 5972, 3925, 3928, 5464, 3930, 21469, 21216, 5473, 12770, 5984, 21476]"
23,23,1,0.043,14,15,3176,False,"[25992, 23305, 27530, 23307, 27535, 23312, 29713, 15125, 10908, 10658, 6068, 10942, 10951, 26697, 10960, 23249, 13786, 13787, 9437, 6110]"
24,21,0,0.0,7,23,3259,False,"[2305, 2335, 3638, 3642, 20669, 3653, 20681, 24906, 24907, 2509, 2511, 2517, 3671, 2522, 11740, 2530, 5219, 5218, 15097, 11774]"
25,20,3,0.15,5,30,4698,False,"[19715, 10373, 22790, 22791, 22798, 10382, 6417, 10391, 10394, 10696, 19677, 17380, 17389, 10736, 19700, 19701, 19703, 17403, 17404, 17406]"
26,17,2,0.118,4,26,4698,False,"[6528, 6529, 19493, 6503, 19465, 15402, 15401, 15403, 19501, 4334, 19503, 4304, 19508, 21432, 6523, 6492, 4318]"
27,17,4,0.235,2,44,4698,False,"[26816, 18850, 18822, 18855, 26120, 26153, 18860, 18863, 18832, 18833, 26130, 26131, 26803, 26802, 26810, 26812, 18813]"
28,16,1,0.062,11,5,4995,False,"[15074, 22979, 15075, 9795, 15686, 22247, 22695, 28965, 22701, 2356, 21653, 25493, 27511, 15704, 25501, 21630]"
29,15,0,0.0,7,9,1341,False,"[29665, 26690, 19203, 29704, 11005, 24040, 5419, 29452, 26672, 24084, 29685, 11002, 8925, 29438, 11007]"
30,15,0,0.0,8,8,4223,False,"[28385, 20002, 4515, 29410, 4520, 4489, 5194, 16143, 29424, 16117, 7574, 4694, 29397, 20698, 20700]"
31,13,4,0.308,4,16,3745,False,"[21975, 15429, 22025, 26570, 21932, 21933, 21934, 21967, 26544, 15444, 15446, 21911, 15453]"
32,12,4,0.333,7,10,1881,False,"[15392, 7012, 2214, 1163, 2224, 15377, 7006, 2227, 15190, 7007, 15198, 15391]"
33,12,0,0.0,3,13,2605,False,"[21442, 21444, 12968, 13065, 13066, 12971, 21451, 20238, 12980, 20276, 13077, 13079]"
34,12,4,0.333,4,12,3237,False,"[19905, 19842, 14968, 19836, 19665, 19666, 14965, 19671, 19832, 154, 19676, 14974]"
35,11,0,0.0,8,5,646,False,"[18117, 19757, 19758, 17583, 18096, 8943, 19762, 24723, 9784, 18649, 24734]"
36,11,0,0.0,4,11,3259,False,"[9824, 23013, 23141, 23143, 23115, 7923, 9845, 7927, 9850, 23005, 9854]"
37,10,0,0.0,5,5,1341,False,"[18182, 26986, 26987, 13102, 18161, 10355, 13108, 10329, 13149, 13151]"
38,10,3,0.3,12,2,1419,False,"[6402, 13699, 19176, 17360, 2417, 19184, 1396, 6808, 26138, 26140]"
39,10,6,0.6,5,12,2605,True,"[28865, 28866, 28998, 28777, 28778, 28755, 28982, 28887, 28763, 28956]"
40,10,2,0.2,2,13,3136,False,"[1632, 1635, 22761, 1610, 2323, 22740, 2325, 2324, 2329, 1627]"
41,10,2,0.2,1,21,3318,False,"[21805, 21808, 21489, 21813, 21494, 21816, 21498, 21531, 21500, 21534]"
42,10,1,0.1,1,24,3745,False,"[13216, 19712, 19681, 19688, 19659, 19661, 19667, 19705, 13213, 13215]"
43,10,1,0.1,1,20,4698,False,"[6307, 10019, 6309, 6310, 10027, 6284, 10029, 6319, 10039, 10041]"
44,10,2,0.2,3,9,4698,False,"[6848, 21541, 21832, 21801, 12330, 21807, 6879, 21590, 6873, 21599]"
45,9,1,0.111,3,6,646,False,"[26721, 28583, 27879, 26727, 28584, 29360, 27857, 29361, 29334]"
46,9,1,0.111,3,10,828,False,"[28937, 28940, 29932, 28916, 29880, 28888, 28891, 29948, 28927]"
47,9,1,0.111,3,9,1597,False,"[16320, 7713, 3043, 3053, 10509, 3027, 16311, 16317, 3070]"
48,9,1,0.111,10,1,1761,False,"[15590, 28121, 17397, 4664, 19609, 18106, 28123, 25116, 28509]"
49,9,6,0.667,7,5,3075,True,"[6784, 6789, 15494, 14888, 15500, 15502, 14062, 15380, 15358]"
50,9,1,0.111,1,16,3745,False,"[1697, 2401, 2414, 2415, 2416, 2418, 1717, 1689, 1691]"
51,9,2,0.222,5,5,3875,False,"[15781, 29926, 29927, 15769, 7506, 23283, 23285, 23257, 21950]"
52,9,1,0.111,1,18,4698,False,"[21953, 21954, 22502, 22505, 22506, 22507, 22514, 22523, 21948]"
53,8,3,0.375,1,13,56,False,"[27911, 29737, 29770, 27887, 27888, 29743, 29715, 29720]"
54,8,0,0.0,3,5,1341,False,"[24448, 9892, 9861, 4242, 13877, 4245, 9880, 24445]"
55,8,0,0.0,3,4,1881,False,"[9668, 17252, 17254, 11595, 9676, 11597, 21810, 21812]"
56,8,0,0.0,4,6,1941,False,"[5952, 12832, 16545, 16552, 16559, 26099, 5948, 5949]"
57,8,1,0.125,3,5,2165,False,"[18496, 18498, 18500, 15239, 15246, 2959, 2960, 1268]"
58,8,0,0.0,5,4,2165,False,"[5831, 9899, 13326, 24850, 23772, 23766, 5851, 5852]"
59,8,0,0.0,2,9,2605,False,"[7332, 24357, 7306, 7309, 25934, 7313, 25938, 25917]"
60,8,2,0.25,2,7,2605,False,"[15266, 15241, 15210, 15244, 16206, 16181, 15226, 16223]"
61,8,1,0.125,6,4,3188,False,"[20674, 1960, 20684, 1942, 26648, 11483, 17820, 20670]"
62,8,1,0.125,3,6,3237,False,"[5730, 8708, 28966, 3879, 8683, 3890, 8666, 3902]"
63,8,4,0.5,3,7,3259,True,"[29284, 28904, 28971, 29004, 29005, 29296, 28914, 29298]"
64,8,2,0.25,1,12,3745,False,"[13827, 20356, 20361, 13834, 20367, 13844, 20346, 13852]"
65,8,4,0.5,3,8,4820,True,"[15360, 14044, 15365, 14120, 15343, 14069, 15381, 14108]"
66,8,0,0.0,4,4,4864,False,"[22921, 11884, 14636, 14671, 17400, 6522, 14651, 6525]"
67,8,0,0.0,1,21,4988,False,"[2848, 2849, 2851, 2824, 2858, 2832, 11540, 2841]"
68,8,0,0.0,7,2,4995,False,"[3747, 6951, 3756, 13133, 23406, 23407, 5659, 14558]"
69,8,0,0.0,0,28,2605,False,"[10234, 10245, 10246, 10259, 10228, 10261, 10266, 10237]"
70,8,3,0.375,0,28,4698,False,"[28298, 28300, 28301, 28304, 28240, 28246, 28249, 28250]"
71,7,2,0.286,6,1,552,False,"[8643, 1158, 19724, 16590, 6735, 6737, 438]"
72,7,0,0.0,3,6,1881,False,"[6182, 6184, 6185, 9452, 14775, 16985, 6174]"
73,7,0,0.0,2,7,2477,False,"[3299, 9805, 3312, 9843, 15349, 3288, 3292]"
74,7,1,0.143,4,2,2605,False,"[13991, 5610, 621, 10484, 14006, 10489, 21311]"
75,7,1,0.143,1,9,2605,False,"[22400, 22370, 23881, 23856, 23889, 22396, 22366]"
76,7,1,0.143,3,5,2605,False,"[28293, 28296, 29614, 28303, 29623, 29847, 29850]"
77,7,3,0.429,4,4,3136,False,"[6827, 5239, 5241, 24155, 5243, 24157, 2975]"
78,7,1,0.143,1,9,3318,False,"[26247, 6733, 6767, 26257, 26226, 6771, 6775]"
79,7,0,0.0,2,5,3875,False,"[12934, 7048, 12938, 19246, 12944, 19255, 7032]"
80,7,2,0.286,2,5,3876,False,"[3457, 3906, 3910, 3911, 8778, 8749, 3420]"
81,7,1,0.143,3,4,3888,False,"[21573, 19208, 21580, 8621, 21594, 8636, 25021]"
82,7,2,0.286,4,2,4390,False,"[20996, 9638, 24592, 24595, 20435, 20439, 251]"
83,7,0,0.0,1,11,4698,False,"[5148, 3315, 3318, 5111, 5147, 5116, 5149]"
84,7,3,0.429,1,15,4698,False,"[29891, 29925, 29935, 29681, 29938, 29944, 29882]"
85,7,0,0.0,5,2,4735,False,"[15053, 11054, 15059, 19892, 19893, 27543, 11737]"
86,7,0,0.0,0,21,3259,False,"[7776, 7773, 7782, 7757, 7768, 7770, 7741]"
87,7,0,0.0,0,21,3745,False,"[3730, 3731, 3733, 3734, 3735, 3736, 3737]"
88,7,0,0.0,0,21,3745,False,"[19331, 19340, 19345, 19346, 19347, 19348, 19325]"
89,7,0,0.0,0,21,4698,False,"[15720, 15721, 15722, 15725, 15728, 15697, 15734]"
90,7,0,0.0,0,21,4698,False,"[10346, 10347, 10352, 10353, 10364, 10365, 10367]"
91,7,2,0.286,0,21,4698,False,"[22307, 22314, 22357, 22359, 22360, 22331, 22333]"
92,7,1,0.143,0,21,4698,False,"[11266, 11331, 11335, 11305, 11309, 11319, 11290]"
93,7,0,0.0,0,21,4698,False,"[20544, 20545, 20515, 20547, 20550, 20541, 20543]"
94,7,2,0.286,0,21,4698,False,"[19233, 19202, 19235, 19213, 19224, 19225, 19231]"
95,7,1,0.143,0,21,4698,False,"[25248, 25249, 25285, 25267, 25274, 25245, 25246]"
96,7,0,0.0,0,21,4698,False,"[2409, 2410, 2412, 2413, 2444, 2423, 2459]"
97,7,0,0.0,0,21,4698,False,"[7623, 7624, 7615, 7667, 7639, 7645, 7613]"
98,7,2,0.286,0,21,4698,False,"[19012, 19013, 19046, 19020, 19022, 19029, 19030]"
99,7,1,0.143,0,21,4988,False,"[10432, 10477, 10479, 10480, 10482, 10483, 10495]"
100,6,1,0.167,1,6,9,False,"[7138, 11049, 11061, 11062, 7190, 7161]"
101,6,2,0.333,1,6,9,False,"[10890, 14380, 10864, 14391, 10871, 14393]"
102,6,3,0.5,3,2,56,True,"[3169, 26405, 7978, 7952, 2516, 3126]"
103,6,3,0.5,1,6,56,True,"[24736, 4226, 4227, 24715, 4238, 24761]"
104,6,1,0.167,1,7,56,False,"[8331, 8332, 24912, 8370, 8338, 24889]"
105,6,0,0.0,3,2,139,False,"[15202, 24074, 25998, 24080, 3801, 15197]"
106,6,1,0.167,6,0,1199,False,"[28779, 27825, 3991, 19928, 443, 25020]"
107,6,4,0.667,3,2,1401,True,"[27718, 15337, 495, 498, 27734, 20445]"
108,6,1,0.167,2,4,1536,False,"[29854, 9128, 29835, 11666, 11611, 29790]"
109,6,1,0.167,2,4,1597,False,"[22401, 22409, 26221, 26222, 22384, 2014]"
110,6,0,0.0,3,3,1917,False,"[10210, 14347, 29900, 14348, 14353, 14231]"
111,6,1,0.167,3,2,2605,False,"[22722, 22766, 1072, 17618, 17620, 18743]"
112,6,0,0.0,2,3,2605,False,"[24395, 3373, 3374, 15792, 24369, 15742]"
113,6,2,0.333,1,6,2605,False,"[29061, 28554, 29072, 29076, 28569, 28572]"
114,6,0,0.0,2,4,3003,False,"[5670, 5673, 15946, 5013, 5690, 5021]"
115,6,2,0.333,1,7,3136,False,"[21249, 21250, 16572, 21271, 21274, 16604]"
116,6,2,0.333,1,7,3136,False,"[21920, 23300, 21959, 21961, 21915, 23325]"
117,6,0,0.0,5,1,3176,False,"[5734, 26342, 29104, 22038, 28440, 5723]"
118,6,0,0.0,1,7,3237,False,"[3810, 15394, 3786, 15405, 3792, 3796]"
119,6,0,0.0,1,10,3259,False,"[7140, 4006, 7213, 7133, 7134, 7135]"
120,6,0,0.0,1,7,3318,False,"[8488, 6825, 8463, 8465, 8467, 6835]"
121,6,0,0.0,3,2,3582,False,"[14884, 13032, 1931, 14864, 13011, 29087]"
122,6,0,0.0,5,1,3684,False,"[24546, 18956, 22862, 22863, 9167, 9401]"
123,6,2,0.333,1,6,3745,False,"[25413, 25416, 25425, 6163, 6166, 6173]"
124,6,4,0.667,1,7,3745,True,"[25025, 25058, 25163, 25047, 25050, 25183]"
125,6,0,0.0,2,3,3875,False,"[17824, 17797, 9482, 9486, 15154, 15155]"
126,6,0,0.0,1,7,4223,False,"[6912, 6913, 6896, 15121, 15122, 6902]"
127,6,4,0.667,3,4,4617,True,"[27168, 12259, 27176, 27155, 12251, 13310]"
128,6,2,0.333,1,7,4698,False,"[5665, 23144, 5705, 23147, 23129, 23133]"
129,6,2,0.333,1,7,4698,False,"[27942, 13225, 13226, 13260, 13231, 27928]"
130,6,0,0.0,3,3,4864,False,"[19716, 8237, 9200, 9174, 26520, 9211]"
131,6,0,0.0,1,6,4988,False,"[4033, 9189, 9172, 4024, 4026, 9212]"
132,6,0,0.0,1,6,4988,False,"[13632, 13634, 13675, 13364, 13367, 13368]"
133,6,2,0.333,5,1,4995,False,"[11488, 21570, 21829, 25765, 21586, 25363]"
134,6,0,0.0,0,15,56,False,"[15810, 15845, 15846, 15848, 15850, 15851]"
135,6,1,0.167,0,15,56,False,"[8003, 8009, 8010, 8012, 8015, 8029]"
136,6,0,0.0,0,15,56,False,"[1634, 1638, 1639, 1640, 1641, 1645]"
137,6,2,0.333,0,15,56,False,"[29451, 29459, 29460, 29462, 29463, 29402]"
138,6,0,0.0,0,15,1700,False,"[2405, 2438, 2440, 2442, 2445, 2422]"
139,6,3,0.5,0,15,2879,True,"[24193, 24167, 24170, 24139, 24186, 24187]"
140,6,2,0.333,0,15,3215,False,"[8611, 8614, 8552, 8563, 8564, 8565]"
141,6,0,0.0,0,15,3745,False,"[3904, 3905, 3892, 3896, 3897, 3901]"
142,6,1,0.167,0,15,3745,False,"[22144, 22147, 22149, 22124, 22126, 22174]"
143,6,1,0.167,0,15,3745,False,"[16898, 16883, 16885, 16886, 16887, 16889]"
144,6,1,0.167,0,15,3745,False,"[3360, 3361, 3364, 3366, 3382, 3352]"
145,6,1,0.167,0,15,3745,False,"[11585, 11589, 11591, 11564, 11571, 11580]"
146,6,3,0.5,0,15,3745,True,"[22338, 22342, 22315, 22348, 22358, 22297]"
147,6,1,0.167,0,15,3745,False,"[18818, 18819, 18823, 18859, 18868, 18869]"
148,6,0,0.0,0,15,3745,False,"[11136, 11083, 11087, 11089, 11090, 11092]"
149,6,0,0.0,0,15,4698,False,"[15974, 15975, 15983, 15987, 15995, 15999]"
150,6,1,0.167,0,15,4698,False,"[7264, 7233, 7257, 7258, 7228, 7261]"
151,6,0,0.0,0,15,4698,False,"[8490, 8464, 8468, 8472, 8473, 8476]"
152,6,1,0.167,0,15,4698,False,"[21634, 21635, 21643, 21644, 21656, 21662]"
153,6,0,0.0,0,15,4698,False,"[20290, 20297, 20305, 20283, 20286, 20319]"
154,6,2,0.333,0,15,4698,False,"[8386, 8387, 8403, 8379, 8380, 8381]"
155,6,1,0.167,0,15,4698,False,"[23424, 23428, 23430, 23413, 23414, 23451]"
156,6,0,0.0,0,15,4698,False,"[6213, 6216, 6217, 6190, 6200, 6170]"
157,6,0,0.0,0,15,4698,False,"[24001, 24002, 24008, 23985, 23993, 23999]"
158,6,1,0.167,0,15,4698,False,"[7878, 7847, 7880, 7882, 7887, 7832]"
159,6,0,0.0,0,15,4698,False,"[3815, 3820, 3821, 3822, 3798, 3834]"
160,6,2,0.333,0,15,4698,False,"[19424, 19394, 19412, 19387, 19388, 19389]"
161,5,0,0.0,1,4,56,False,"[27232, 6918, 6919, 6920, 27228]"
162,5,0,0.0,1,4,56,False,"[16464, 16465, 21138, 21141, 16478]"
163,5,0,0.0,1,6,127,False,"[27392, 27428, 27381, 7515, 27387]"
164,5,1,0.2,1,6,127,False,"[13890, 13892, 13894, 13895, 14422]"
165,5,2,0.4,1,4,127,False,"[19589, 19578, 19593, 17840, 17850]"
166,5,3,0.6,5,0,352,True,"[6093, 142, 528, 11101, 11838]"
167,5,0,0.0,3,1,352,False,"[9895, 12144, 12145, 22552, 14523]"
168,5,0,0.0,2,2,1199,False,"[12289, 12267, 14997, 28248, 28255]"
169,5,1,0.2,4,1,1341,False,"[21827, 18598, 18247, 27218, 18583]"
170,5,0,0.0,1,6,1597,False,"[15811, 15858, 15860, 28055, 15839]"
171,5,2,0.4,3,1,1907,False,"[8998, 362, 14829, 8948, 572]"
172,5,0,0.0,2,3,1941,False,"[9184, 2113, 2114, 13547, 2128]"
173,5,1,0.2,2,2,1941,False,"[27745, 27750, 11406, 17621, 17626]"
174,5,2,0.4,1,4,1941,False,"[24803, 21588, 24789, 21561, 21563]"
175,5,0,0.0,4,0,2079,False,"[12930, 10344, 25650, 26938, 19742]"
176,5,0,0.0,1,6,2165,False,"[23330, 23335, 23336, 23342, 3098]"
177,5,0,0.0,2,2,2265,False,"[7107, 15912, 29071, 7087, 29041]"
178,5,0,0.0,1,4,2605,False,"[7177, 9418, 7147, 7152, 9435]"
179,5,0,0.0,2,2,2605,False,"[24517, 24493, 17006, 17500, 17502]"
180,5,0,0.0,1,4,2605,False,"[18540, 24142, 24143, 24144, 18552]"
181,5,0,0.0,2,3,2605,False,"[24257, 25157, 27877, 24248, 24252]"
182,5,2,0.4,2,2,3136,False,"[3395, 19720, 24910, 3383, 24921]"
183,5,1,0.2,0,10,3136,False,"[8554, 8588, 8531, 8532, 8606]"
184,5,0,0.0,1,6,3188,False,"[26734, 22319, 22321, 22322, 22328]"
185,5,0,0.0,2,3,3215,False,"[8495, 8336, 8335, 24317, 8350]"
186,5,0,0.0,2,2,3237,False,"[24832, 27117, 27597, 27604, 24830]"
187,5,0,0.0,1,4,3318,False,"[17344, 17329, 5334, 5337, 5276]"
188,5,3,0.6,3,1,3567,True,"[576, 12265, 12777, 20765, 12798]"
189,5,0,0.0,3,1,3684,False,"[26180, 7982, 3229, 3254, 22429]"
190,5,1,0.2,1,6,3684,False,"[28257, 28268, 28271, 29969, 28275]"
191,5,0,0.0,1,4,3745,False,"[23842, 7877, 7855, 7860, 23837]"
192,5,0,0.0,1,4,3745,False,"[8961, 8964, 8971, 12469, 12470]"
193,5,0,0.0,1,4,3745,False,"[13344, 24295, 13390, 13362, 24314]"
194,5,2,0.4,1,6,3745,False,"[23936, 23945, 24138, 23919, 23931]"
195,5,2,0.4,1,4,3876,False,"[4224, 13697, 4228, 13702, 13705]"
196,5,0,0.0,2,3,3888,False,"[28736, 21090, 21099, 21104, 25712]"
197,5,0,0.0,5,1,4281,False,"[23240, 19498, 20652, 22318, 20661]"
198,5,1,0.2,1,4,4698,False,"[7715, 9358, 9361, 9363, 7706]"
199,5,0,0.0,1,4,4698,False,"[13986, 27430, 27406, 13976, 13980]"
200,5,2,0.4,2,2,4820,False,"[9765, 13678, 145, 13692, 9758]"
201,5,0,0.0,1,4,4820,False,"[22700, 22704, 16725, 16726, 22682]"
202,5,0,0.0,4,1,4988,False,"[5378, 22694, 26238, 14413, 14398]"
203,5,0,0.0,1,4,4988,False,"[13901, 12015, 12017, 13879, 12030]"
204,5,1,0.2,4,0,5025,False,"[13624, 19279, 28367, 4504, 23487]"
205,5,1,0.2,0,10,56,False,"[28128, 28096, 28099, 28106, 28110]"
206,5,1,0.2,0,10,56,False,"[8929, 8932, 8934, 8905, 8914]"
207,5,0,0.0,0,10,56,False,"[2630, 2663, 2665, 2668, 2669]"
208,5,0,0.0,0,10,56,False,"[3919, 3920, 3929, 3931, 3933]"
209,5,1,0.2,0,10,56,False,"[2377, 2346, 2381, 2391, 2362]"
210,5,1,0.2,0,10,127,False,"[12897, 12899, 12869, 12903, 12879]"
211,5,1,0.2,0,10,1526,False,"[29793, 29859, 29829, 29862, 29836]"
212,5,1,0.2,0,10,1814,False,"[21045, 21047, 21017, 21019, 21021]"
213,5,0,0.0,0,10,1881,False,"[10657, 10659, 10647, 10653, 10687]"
214,5,0,0.0,0,10,1881,False,"[7182, 7185, 7193, 7195, 7198]"
215,5,0,0.0,0,10,1881,False,"[16329, 16330, 16334, 16336, 16341]"
216,5,0,0.0,0,10,2605,False,"[16801, 16802, 16789, 16792, 16797]"
217,5,0,0.0,0,10,2605,False,"[28480, 28481, 28488, 28499, 28510]"
218,5,0,0.0,0,10,2605,False,"[13299, 13333, 13302, 13303, 13305]"
219,5,0,0.0,0,10,2605,False,"[29312, 29288, 29271, 29306, 29307]"
220,5,1,0.2,0,10,3136,False,"[4588, 4589, 4592, 4593, 4571]"
221,5,0,0.0,0,10,3188,False,"[12846, 12821, 12822, 12824, 12827]"
222,5,1,0.2,0,10,3237,False,"[11619, 11632, 11609, 11610, 11613]"
223,5,3,0.6,0,10,3237,True,"[25382, 25393, 25361, 25365, 25368]"
224,5,0,0.0,0,10,3259,False,"[24960, 24961, 24965, 24966, 24989]"
225,5,0,0.0,0,10,3259,False,"[21548, 21582, 21551, 21553, 21558]"
226,5,0,0.0,0,10,3259,False,"[26628, 26631, 26645, 26649, 26650]"
227,5,0,0.0,0,10,3259,False,"[7661, 7629, 7666, 7610, 7646]"
228,5,0,0.0,0,10,3259,False,"[7362, 7364, 7366, 7382, 7385]"
229,5,0,0.0,0,10,3259,False,"[11104, 11142, 11095, 11102, 11135]"
230,5,0,0.0,0,10,3259,False,"[29897, 29908, 29916, 29917, 29886]"
231,5,1,0.2,0,10,3318,False,"[27075, 27076, 27056, 27066, 27100]"
232,5,0,0.0,0,10,3677,False,"[22091, 22102, 22076, 22077, 22078]"
233,5,0,0.0,0,10,3745,False,"[9794, 9762, 9773, 9781, 9788]"
234,5,0,0.0,0,10,3745,False,"[6144, 6113, 6131, 6132, 6133]"
235,5,1,0.2,0,10,3745,False,"[24487, 24491, 24464, 24466, 24503]"
236,5,0,0.0,0,10,3745,False,"[17334, 17305, 17306, 17307, 17309]"
237,5,0,0.0,0,10,3745,False,"[19008, 19011, 19045, 19028, 19036]"
238,5,1,0.2,0,10,3745,False,"[23332, 23340, 23352, 23388, 23327]"
239,5,1,0.2,0,10,3745,False,"[17280, 17286, 17266, 17268, 17300]"
240,5,0,0.0,0,10,3745,False,"[23652, 23656, 23698, 23704, 23706]"
241,5,0,0.0,0,10,3745,False,"[3018, 3003, 3004, 3006, 3007]"
242,5,0,0.0,0,10,3745,False,"[23174, 23176, 23182, 23159, 23198]"
243,5,0,0.0,0,10,3745,False,"[16008, 16043, 16048, 16050, 16029]"
244,5,0,0.0,0,10,3876,False,"[16403, 16437, 16406, 16412, 16415]"
245,5,1,0.2,0,10,3876,False,"[5804, 5806, 5808, 5812, 5819]"
246,5,2,0.4,0,10,3876,False,"[15425, 15348, 15413, 15352, 15417]"
247,5,0,0.0,0,10,4034,False,"[23779, 23755, 23791, 23792, 23802]"
248,5,2,0.4,0,10,4223,False,"[20933, 20934, 21005, 21008, 20980]"
249,5,0,0.0,0,10,4698,False,"[18752, 18744, 18748, 18749, 18750]"
250,5,2,0.4,0,10,4698,False,"[28586, 28590, 28623, 28629, 28639]"
251,5,1,0.2,0,10,4698,False,"[23745, 23778, 23782, 23740, 23743]"
252,5,0,0.0,0,10,4698,False,"[2595, 2596, 2597, 2598, 2610]"
253,5,1,0.2,0,10,4698,False,"[20739, 20688, 20725, 20726, 20729]"
254,5,2,0.4,0,10,4698,False,"[26505, 26538, 26510, 26525, 26527]"
255,5,0,0.0,0,10,4698,False,"[11174, 11184, 11152, 11154, 11191]"
256,5,0,0.0,0,10,4698,False,"[20359, 20337, 20342, 20344, 20379]"
257,5,1,0.2,0,10,4698,False,"[22164, 22133, 22135, 22168, 22139]"
258,5,0,0.0,0,10,4698,False,"[16288, 16355, 16324, 16286, 16350]"
259,5,1,0.2,0,10,4698,False,"[21984, 21987, 21989, 21993, 21978]"
260,5,2,0.4,0,10,4698,False,"[24610, 24578, 24613, 24614, 24616]"
261,5,1,0.2,0,10,4698,False,"[15936, 15940, 15941, 15897, 15930]"
262,5,1,0.2,0,10,4698,False,"[2629, 2662, 2632, 2666, 2673]"
263,5,0,0.0,0,10,4698,False,"[14501, 14514, 14482, 14517, 14526]"
264,5,1,0.2,0,10,4698,False,"[9061, 9094, 9039, 9045, 9047]"
265,5,0,0.0,0,10,4698,False,"[9317, 9305, 9338, 9339, 9310]"
266,5,1,0.2,0,10,4698,False,"[11875, 11876, 11877, 11852, 11871]"
267,5,1,0.2,0,10,4698,False,"[7267, 7304, 7305, 7283, 7316]"
268,5,1,0.2,0,10,4698,False,"[1696, 1699, 1706, 1685, 1690]"
269,5,1,0.2,0,10,4698,False,"[20586, 20587, 20590, 20591, 20571]"
270,5,1,0.2,0,10,4698,False,"[22402, 22405, 22375, 22376, 22385]"
271,5,0,0.0,0,10,4698,False,"[13313, 13320, 13324, 13293, 13332]"
272,5,0,0.0,0,10,4698,False,"[3268, 3270, 3271, 3285, 3258]"
273,5,1,0.2,0,10,4698,False,"[10851, 10872, 10842, 10876, 10878]"
274,5,2,0.4,0,10,4698,False,"[22600, 22608, 22646, 22647, 22623]"
275,5,1,0.2,0,10,4698,False,"[21088, 21074, 21108, 21111, 21116]"
276,5,0,0.0,0,10,4988,False,"[3267, 3279, 3280, 3282, 3284]"
277,5,0,0.0,0,10,4988,False,"[4482, 4517, 4486, 4494, 4539]"
278,5,0,0.0,0,10,4988,False,"[4193, 4194, 4197, 4199, 4205]"
279,4,0,0.0,1,3,9,False,"[16392, 2659, 2683, 2635]"
280,4,1,0.25,2,1,56,False,"[12660, 10035, 1692, 1704]"
281,4,1,0.25,1,3,56,False,"[21233, 21199, 3030, 21239]"
282,4,1,0.25,3,1,56,False,"[23297, 23290, 8845, 21559]"
283,4,2,0.5,1,3,56,True,"[9697, 29883, 29892, 29919]"
284,4,0,0.0,2,1,127,False,"[12672, 25545, 2003, 1998]"
285,4,2,0.5,3,0,496,True,"[28329, 4819, 15709, 10198]"
286,4,3,0.75,1,2,496,True,"[6793, 15378, 15363, 6814]"
287,4,0,0.0,1,3,646,False,"[15355, 21843, 15412, 15399]"
288,4,0,0.0,1,3,646,False,"[26456, 26489, 26488, 19997]"
289,4,0,0.0,1,3,828,False,"[4943, 4957, 4958, 5471]"
290,4,1,0.25,1,2,828,False,"[14744, 7186, 7212, 14726]"
291,4,1,0.25,1,3,828,False,"[12331, 18027, 12310, 12337]"
292,4,1,0.25,2,1,892,False,"[19840, 21645, 134, 19807]"
293,4,0,0.0,1,3,892,False,"[5696, 5698, 5691, 17077]"
294,4,0,0.0,1,3,1341,False,"[4488, 14786, 4480, 4479]"
295,4,0,0.0,1,2,1341,False,"[15535, 15579, 24732, 24727]"
296,4,1,0.25,1,3,1341,False,"[17810, 25212, 17822, 17807]"
297,4,0,0.0,2,1,1526,False,"[25694, 25699, 2053, 10814]"
298,4,1,0.25,1,2,1597,False,"[15907, 12916, 12909, 15934]"
299,4,2,0.5,1,3,1597,True,"[24229, 24221, 26463, 24215]"
300,4,1,0.25,2,1,1809,False,"[16832, 10642, 16836, 9060]"
301,4,0,0.0,1,2,1809,False,"[29579, 29644, 22227, 22207]"
302,4,0,0.0,1,3,1814,False,"[26912, 26913, 24118, 26903]"
303,4,0,0.0,1,2,1848,False,"[14432, 7595, 7588, 14430]"
304,4,1,0.25,1,3,1907,False,"[22888, 22881, 22882, 13741]"
305,4,0,0.0,1,3,1941,False,"[18806, 18805, 5150, 18807]"
306,4,1,0.25,2,1,2127,False,"[6147, 16571, 6148, 2007]"
307,4,0,0.0,1,2,2127,False,"[16945, 7498, 16947, 7490]"
308,4,2,0.5,1,2,2127,True,"[24172, 17100, 24208, 17103]"
309,4,1,0.25,1,3,2165,False,"[16185, 16186, 21269, 16222]"
310,4,0,0.0,2,1,2616,False,"[29259, 18110, 26326, 18094]"
311,4,0,0.0,1,3,3003,False,"[21353, 21355, 2126, 21407]"
312,4,0,0.0,1,2,3136,False,"[16702, 3873, 16701, 3886]"
313,4,0,0.0,1,2,3136,False,"[18449, 18450, 22109, 22110]"
314,4,0,0.0,1,2,3176,False,"[21328, 24985, 24987, 21332]"
315,4,2,0.5,1,3,3188,True,"[6786, 6603, 6811, 6806]"
316,4,1,0.25,1,2,3215,False,"[9632, 17523, 17533, 9663]"
317,4,1,0.25,1,3,3237,False,"[21473, 21482, 21429, 17238]"
318,4,1,0.25,1,2,3259,False,"[5131, 22668, 22685, 5135]"
319,4,0,0.0,2,1,3267,False,"[16136, 27372, 1846, 1847]"
320,4,1,0.25,2,1,3677,False,"[10809, 26914, 16690, 16687]"
321,4,3,0.75,1,2,3745,True,"[1292, 5701, 1294, 5660]"
322,4,0,0.0,1,3,3745,False,"[7404, 7419, 7420, 18109]"
323,4,0,0.0,1,3,3875,False,"[25195, 25193, 25141, 17653]"
324,4,1,0.25,1,2,3875,False,"[24842, 24841, 23578, 23579]"
325,4,1,0.25,1,2,3876,False,"[9449, 29611, 9444, 29607]"
326,4,2,0.5,1,2,3876,True,"[26384, 26388, 16166, 16167]"
327,4,1,0.25,2,1,4083,False,"[25626, 24770, 25611, 6543]"
328,4,1,0.25,1,3,4083,False,"[9522, 21131, 21190, 21135]"
329,4,0,0.0,2,1,4083,False,"[29761, 23563, 23580, 26646]"
330,4,1,0.25,1,2,4148,False,"[4200, 4321, 4202, 4281]"
331,4,3,0.75,1,3,4363,True,"[29608, 29885, 29878, 29958]"
332,4,0,0.0,1,2,4617,False,"[22048, 22073, 28738, 28735]"
333,4,0,0.0,1,2,4692,False,"[13659, 8908, 13661, 8919]"
334,4,0,0.0,1,3,4698,False,"[9097, 9098, 3923, 9102]"
335,4,0,0.0,1,3,4698,False,"[17933, 17931, 17932, 15061]"
336,4,0,0.0,1,3,4864,False,"[20488, 20489, 20491, 27126]"
337,4,0,0.0,1,3,4897,False,"[4632, 4648, 26563, 4644]"
338,4,0,0.0,1,3,5025,False,"[14977, 14993, 27073, 14981]"
339,4,0,0.0,0,6,9,False,"[16400, 16434, 16418, 16446]"
340,4,1,0.25,0,6,9,False,"[5336, 5273, 5338, 5279]"
341,4,0,0.0,0,6,9,False,"[8673, 8685, 8686, 8663]"
342,4,2,0.5,0,6,9,True,"[29208, 29203, 29254, 29255]"
343,4,1,0.25,0,6,9,False,"[5769, 5777, 5821, 5791]"
344,4,0,0.0,0,6,56,False,"[23369, 23338, 23354, 23356]"
345,4,1,0.25,0,6,56,False,"[22273, 22282, 22263, 22279]"
346,4,2,0.5,0,6,56,True,"[26240, 26268, 26230, 26223]"
347,4,2,0.5,0,6,56,True,"[5160, 5124, 5142, 5119]"
348,4,0,0.0,0,6,56,False,"[12209, 12202, 12211, 12196]"
349,4,0,0.0,0,6,56,False,"[26641, 26634, 26653, 26655]"
350,4,1,0.25,0,6,56,False,"[12868, 12885, 12870, 12876]"
351,4,1,0.25,0,6,56,False,"[14416, 14373, 14405, 14407]"
352,4,2,0.5,0,6,56,True,"[3544, 3557, 3574, 3567]"
353,4,0,0.0,0,6,56,False,"[22058, 22051, 22060, 22054]"
354,4,0,0.0,0,6,127,False,"[1712, 1737, 1722, 1750]"
355,4,0,0.0,0,6,127,False,"[2513, 2492, 2532, 2541]"
356,4,1,0.25,0,6,127,False,"[11500, 11498, 11476, 11478]"
357,4,1,0.25,0,6,127,False,"[9928, 9937, 9925, 9919]"
358,4,0,0.0,0,6,496,False,"[13609, 13594, 13598, 13599]"
359,4,0,0.0,0,6,828,False,"[3281, 3266, 3278, 3255]"
360,4,0,0.0,0,6,1199,False,"[11392, 11393, 11395, 11390]"
361,4,0,0.0,0,6,1298,False,"[5105, 5130, 5118, 5103]"
362,4,1,0.25,0,6,1298,False,"[14357, 14323, 14365, 14366]"
363,4,1,0.25,0,6,1298,False,"[20602, 20621, 20630, 20631]"
364,4,0,0.0,0,6,1298,False,"[11024, 11072, 11080, 11045]"
365,4,0,0.0,0,6,1341,False,"[19912, 19913, 19907, 19924]"
366,4,1,0.25,0,6,1341,False,"[12298, 12333, 12332, 12301]"
367,4,0,0.0,0,6,1341,False,"[12464, 12433, 12436, 12444]"
368,4,0,0.0,0,6,1341,False,"[7120, 7111, 7110, 7119]"
369,4,0,0.0,0,6,1341,False,"[5316, 5310, 5318, 5311]"
370,4,0,0.0,0,6,1401,False,"[24936, 24914, 24898, 24941]"
371,4,1,0.25,0,6,1433,False,"[24233, 24226, 24261, 24222]"
372,4,0,0.0,0,6,1526,False,"[15058, 15050, 15039, 14999]"
373,4,1,0.25,0,6,1574,False,"[8171, 8172, 8173, 8142]"
374,4,1,0.25,0,6,1597,False,"[21880, 21906, 21909, 21866]"
375,4,0,0.0,0,6,1597,False,"[7998, 8014, 8011, 8022]"
376,4,0,0.0,0,6,1809,False,"[4136, 4086, 4123, 4110]"
377,4,0,0.0,0,6,1814,False,"[23288, 23250, 23291, 23251]"
378,4,0,0.0,0,6,1814,False,"[27081, 27090, 27094, 27079]"
379,4,0,0.0,0,6,1859,False,"[11353, 11362, 11364, 11340]"
380,4,1,0.25,0,6,1859,False,"[13552, 13508, 13509, 13510]"
381,4,0,0.0,0,6,1881,False,"[8840, 8850, 8846, 8847]"
382,4,1,0.25,0,6,1881,False,"[16174, 16121, 16115, 16134]"
383,4,1,0.25,0,6,1881,False,"[23289, 23298, 23292, 23324]"
384,4,0,0.0,0,6,1881,False,"[29601, 29588, 29589, 29606]"
385,4,0,0.0,0,6,1881,False,"[27866, 27850, 27860, 27874]"
386,4,1,0.25,0,6,1881,False,"[13089, 13067, 13068, 13069]"
387,4,0,0.0,0,6,1907,False,"[19722, 19706, 19707, 19710]"
388,4,1,0.25,0,6,2127,False,"[3224, 3225, 3274, 3223]"
389,4,2,0.5,0,6,2127,True,"[8562, 8595, 8567, 8615]"
390,4,0,0.0,0,6,2127,False,"[20992, 20945, 20974, 20983]"
391,4,0,0.0,0,6,2223,False,"[10770, 10803, 10806, 10751]"
392,4,1,0.25,0,6,2231,False,"[8592, 8602, 8587, 8604]"
393,4,0,0.0,0,6,2605,False,"[5296, 5282, 5333, 5274]"
394,4,0,0.0,0,6,2605,False,"[9280, 9265, 9281, 9259]"
395,4,0,0.0,0,6,2605,False,"[12057, 12026, 12027, 12047]"
396,4,0,0.0,0,6,2605,False,"[3272, 3241, 3227, 3232]"
397,4,0,0.0,0,6,2605,False,"[26344, 26329, 26339, 26335]"
398,4,0,0.0,0,6,2605,False,"[5376, 5387, 5364, 5407]"
399,4,0,0.0,0,6,2605,False,"[25624, 25602, 25628, 25591]"
400,4,0,0.0,0,6,2605,False,"[23233, 23241, 23237, 23214]"
401,4,0,0.0,0,6,2605,False,"[14834, 14835, 14837, 14838]"
402,4,0,0.0,0,6,2605,False,"[13683, 13685, 13694, 13679]"
403,4,0,0.0,0,6,2605,False,"[16234, 16237, 16242, 16239]"
404,4,0,0.0,0,6,2605,False,"[28648, 28649, 28619, 28652]"
405,4,0,0.0,0,6,2605,False,"[26953, 26954, 26940, 26941]"
406,4,0,0.0,0,6,2864,False,"[3072, 3073, 3063, 3055]"
407,4,1,0.25,0,6,3003,False,"[2689, 2731, 2732, 2723]"
408,4,0,0.0,0,6,3075,False,"[15048, 15041, 15042, 15020]"
409,4,0,0.0,0,6,3136,False,"[9545, 9547, 9542, 9569]"
410,4,0,0.0,0,6,3136,False,"[23685, 23653, 23718, 23703]"
411,4,0,0.0,0,6,3136,False,"[9811, 9819, 9821, 9823]"
412,4,0,0.0,0,6,3136,False,"[8499, 8524, 8510, 8519]"
413,4,1,0.25,0,6,3136,False,"[21386, 21387, 21414, 21402]"
414,4,2,0.5,0,6,3136,True,"[22968, 22967, 22989, 22991]"
415,4,0,0.0,0,6,3136,False,"[5297, 5284, 5294, 5295]"
416,4,0,0.0,0,6,3136,False,"[1600, 1602, 1587, 1583]"
417,4,1,0.25,0,6,3136,False,"[17121, 17098, 17124, 17127]"
418,4,0,0.0,0,6,3188,False,"[2657, 2682, 2652, 2654]"
419,4,0,0.0,0,6,3215,False,"[19304, 19278, 19277, 19262]"
420,4,0,0.0,0,6,3215,False,"[3654, 3675, 3661, 3646]"
421,4,0,0.0,0,6,3237,False,"[26696, 26692, 26701, 26694]"
422,4,0,0.0,0,6,3237,False,"[7642, 7628, 7637, 7630]"
423,4,2,0.5,0,6,3237,True,"[21973, 21971, 21980, 21981]"
424,4,1,0.25,0,6,3237,False,"[10833, 10873, 10828, 10893]"
425,4,0,0.0,0,6,3237,False,"[1802, 1794, 1803, 1804]"
426,4,1,0.25,0,6,3237,False,"[8168, 8161, 8162, 8143]"
427,4,0,0.0,0,6,3237,False,"[17452, 17458, 17468, 17478]"
428,4,1,0.25,0,6,3237,False,"[8408, 8385, 8400, 8391]"
429,4,0,0.0,0,6,3259,False,"[4753, 4769, 4758, 4759]"
430,4,0,0.0,0,6,3259,False,"[9016, 9003, 9005, 9014]"
431,4,0,0.0,0,6,3259,False,"[6017, 6019, 6007, 6015]"
432,4,0,0.0,0,6,3259,False,"[6842, 6843, 6852, 6860]"
433,4,0,0.0,0,6,3259,False,"[2170, 2171, 2180, 2181]"
434,4,0,0.0,0,6,3259,False,"[10192, 10218, 10221, 10223]"
435,4,0,0.0,0,6,3259,False,"[11944, 11970, 11948, 11965]"
436,4,2,0.5,0,6,3259,True,"[29240, 29202, 29196, 29252]"
437,4,0,0.0,0,6,3259,False,"[8497, 8507, 8509, 8503]"
438,4,0,0.0,0,6,3259,False,"[12336, 12305, 12344, 12323]"
439,4,0,0.0,0,6,3259,False,"[18753, 18756, 18757, 18759]"
440,4,1,0.25,0,6,3259,False,"[22880, 22876, 22878, 22879]"
441,4,0,0.0,0,6,3267,False,"[19504, 19505, 19506, 19502]"
442,4,0,0.0,0,6,3317,False,"[20146, 20147, 20141, 20142]"
443,4,0,0.0,0,6,3318,False,"[23641, 23626, 23627, 23636]"
444,4,1,0.25,0,6,3318,False,"[25418, 25427, 25436, 25437]"
445,4,0,0.0,0,6,3318,False,"[25824, 25841, 25828, 25816]"
446,4,0,0.0,0,6,3318,False,"[9825, 9858, 9796, 9842]"
447,4,1,0.25,0,6,3318,False,"[11240, 11246, 11237, 11238]"
448,4,0,0.0,0,6,3582,False,"[13094, 13074, 13085, 13078]"
449,4,0,0.0,0,6,3618,False,"[10665, 10673, 10666, 10667]"
450,4,0,0.0,0,6,3684,False,"[9481, 9474, 9450, 9479]"
451,4,1,0.25,0,6,3745,False,"[21426, 21452, 21477, 21454]"
452,4,0,0.0,0,6,3745,False,"[5569, 5611, 5581, 5583]"
453,4,0,0.0,0,6,3745,False,"[14465, 14474, 14452, 14423]"
454,4,0,0.0,0,6,3745,False,"[15577, 15562, 15572, 15566]"
455,4,0,0.0,0,6,3745,False,"[5281, 5299, 5292, 5291]"
456,4,0,0.0,0,6,3745,False,"[17409, 17410, 17411, 17413]"
457,4,0,0.0,0,6,3745,False,"[18593, 18578, 18590, 18574]"
458,4,0,0.0,0,6,3745,False,"[2233, 2242, 2243, 2246]"
459,4,2,0.5,0,6,3745,True,"[26152, 26128, 26139, 26149]"
460,4,1,0.25,0,6,3745,False,"[23208, 23234, 23205, 23221]"
461,4,1,0.25,0,6,3745,False,"[7016, 7002, 7005, 6990]"
462,4,1,0.25,0,6,3745,False,"[20800, 20809, 20810, 20814]"
463,4,0,0.0,0,6,3745,False,"[29624, 29610, 29651, 29604]"
464,4,1,0.25,0,6,3745,False,"[24922, 24947, 24884, 24943]"
465,4,1,0.25,0,6,3745,False,"[26207, 26216, 26214, 26175]"
466,4,0,0.0,0,6,3745,False,"[14499, 14508, 14493, 14509]"
467,4,0,0.0,0,6,3745,False,"[26819, 26820, 26805, 26839]"
468,4,0,0.0,0,6,3745,False,"[12392, 12400, 12388, 12391]"
469,4,1,0.25,0,6,3745,False,"[6648, 6647, 6653, 6631]"
470,4,0,0.0,0,6,3745,False,"[25888, 25882, 25893, 25887]"
471,4,1,0.25,0,6,3745,False,"[11699, 11701, 11678, 11687]"
472,4,1,0.25,0,6,3745,False,"[9328, 9313, 9326, 9327]"
473,4,0,0.0,0,6,3745,False,"[28644, 28637, 28646, 28647]"
474,4,0,0.0,0,6,3745,False,"[17624, 17641, 17649, 17645]"
475,4,0,0.0,0,6,3745,False,"[12539, 12540, 12548, 12550]"
476,4,0,0.0,0,6,3745,False,"[11032, 11033, 11040, 11051]"
477,4,0,0.0,0,6,3745,False,"[7432, 7434, 7458, 7462]"
478,4,0,0.0,0,6,3745,False,"[14824, 14825, 14826, 14823]"
479,4,0,0.0,0,6,3745,False,"[2057, 2066, 2061, 2063]"
480,4,0,0.0,0,6,3745,False,"[21153, 21132, 21156, 21133]"
481,4,0,0.0,0,6,3745,False,"[4568, 4555, 4548, 4549]"
482,4,0,0.0,0,6,3745,False,"[15013, 15011, 15005, 15015]"
483,4,1,0.25,0,6,3745,False,"[12066, 12092, 12087, 12063]"
484,4,0,0.0,0,6,3745,False,"[29806, 29804, 29805, 29814]"
485,4,1,0.25,0,6,3745,False,"[18200, 18225, 18203, 18207]"
486,4,0,0.0,0,6,3745,False,"[3538, 3507, 3509, 3523]"
487,4,0,0.0,0,6,3745,False,"[16144, 16146, 16119, 16151]"
488,4,0,0.0,0,6,3875,False,"[10801, 10802, 10793, 10791]"
489,4,0,0.0,0,6,3875,False,"[13648, 13641, 13644, 13647]"
490,4,0,0.0,0,6,3875,False,"[12984, 12963, 12966, 12967]"
491,4,2,0.5,0,6,3876,True,"[24168, 24188, 24180, 24156]"
492,4,3,0.75,0,6,3876,True,"[13848, 13853, 13837, 13855]"
493,4,0,0.0,0,6,3876,False,"[14296, 14284, 14301, 14294]"
494,4,0,0.0,0,6,4034,False,"[2426, 2403, 2443, 2431]"
495,4,0,0.0,0,6,4083,False,"[2008, 2001, 1997, 2006]"
496,4,0,0.0,0,6,4148,False,"[18018, 18021, 18022, 18015]"
497,4,0,0.0,0,6,4223,False,"[6240, 6241, 6242, 6239]"
498,4,0,0.0,0,6,4223,False,"[15064, 15066, 15051, 15063]"
499,4,0,0.0,0,6,4698,False,"[19904, 19867, 19869, 19880]"
500,4,1,0.25,0,6,4698,False,"[2697, 2725, 2726, 2719]"
501,4,2,0.5,0,6,4698,True,"[23272, 23322, 23316, 23308]"
502,4,1,0.25,0,6,4698,False,"[26608, 26597, 26606, 26623]"
503,4,0,0.0,0,6,4698,False,"[25754, 25763, 25771, 25751]"
504,4,1,0.25,0,6,4698,False,"[25049, 25034, 25027, 25026]"
505,4,0,0.0,0,6,4698,False,"[2811, 2813, 2814, 2815]"
506,4,1,0.25,0,6,4698,False,"[20762, 20747, 20764, 20750]"
507,4,0,0.0,0,6,4698,False,"[20834, 20835, 20828, 20830]"
508,4,0,0.0,0,6,4698,False,"[3980, 3986, 3971, 3988]"
509,4,1,0.25,0,6,4698,False,"[23890, 23899, 23900, 23898]"
510,4,1,0.25,0,6,4698,False,"[19810, 19820, 19838, 19847]"
511,4,0,0.0,0,6,4698,False,"[21344, 21337, 21347, 21342]"
512,4,0,0.0,0,6,4698,False,"[23466, 23458, 23467, 23477]"
513,4,0,0.0,0,6,4698,False,"[29728, 29744, 29732, 29750]"
514,4,0,0.0,0,6,4698,False,"[16536, 16513, 16485, 16519]"
515,4,0,0.0,0,6,4698,False,"[18905, 18908, 18886, 18879]"
516,4,0,0.0,0,6,4698,False,"[21003, 20978, 20979, 20982]"
517,4,1,0.25,0,6,4698,False,"[29152, 29153, 29154, 29165]"
518,4,0,0.0,0,6,4698,False,"[13049, 13042, 13052, 13054]"
519,4,0,0.0,0,6,4698,False,"[14803, 14797, 14798, 14799]"
520,4,1,0.25,0,6,4698,False,"[20449, 20483, 20485, 20479]"
521,4,0,0.0,0,6,4698,False,"[8596, 8548, 8581, 8582]"
522,4,0,0.0,0,6,4698,False,"[1786, 1826, 1781, 1788]"
523,4,0,0.0,0,6,4698,False,"[3203, 3204, 3206, 3215]"
524,4,0,0.0,0,6,4698,False,"[5816, 5814, 5805, 5798]"
525,4,1,0.25,0,6,4698,False,"[24745, 24738, 24716, 24741]"
526,4,1,0.25,0,6,4698,False,"[2537, 2538, 2554, 2503]"
527,4,0,0.0,0,6,4698,False,"[9912, 9945, 9933, 9936]"
528,4,1,0.25,0,6,4698,False,"[19344, 19381, 19341, 19351]"
529,4,1,0.25,0,6,4698,False,"[21034, 21020, 21022, 21031]"
530,4,0,0.0,0,6,4698,False,"[3490, 3514, 3476, 3519]"
531,4,0,0.0,0,6,4698,False,"[24266, 24271, 24246, 24263]"
532,4,1,0.25,0,6,4698,False,"[20272, 20240, 20251, 20241]"
533,4,0,0.0,0,6,4698,False,"[14908, 14900, 14892, 14935]"
534,4,1,0.25,0,6,4698,False,"[28497, 28458, 28491, 28492]"
535,4,0,0.0,0,6,4698,False,"[8714, 8692, 8694, 8695]"
536,4,0,0.0,0,6,4698,False,"[3682, 3691, 3701, 3694]"
537,4,0,0.0,0,6,4698,False,"[18489, 18490, 18491, 18508]"
538,4,1,0.25,0,6,4698,False,"[1899, 1885, 1877, 1895]"
539,4,0,0.0,0,6,4698,False,"[8954, 8962, 8991, 8951]"
540,4,1,0.25,0,6,4698,False,"[11633, 11643, 11604, 11645]"
541,4,0,0.0,0,6,4698,False,"[18696, 18691, 18677, 18679]"
542,4,0,0.0,0,6,4698,False,"[26448, 26434, 26450, 26391]"
543,4,1,0.25,0,6,4698,False,"[15248, 15273, 15267, 15245]"
544,4,0,0.0,0,6,4698,False,"[4784, 4786, 4794, 4799]"
545,4,0,0.0,0,6,4698,False,"[19635, 19653, 19622, 19607]"
546,4,0,0.0,0,6,4698,False,"[16664, 16665, 16666, 16667]"
547,4,0,0.0,0,6,4698,False,"[17345, 17346, 17342, 17343]"
548,4,0,0.0,0,6,4698,False,"[24488, 24474, 24476, 24479]"
549,4,0,0.0,0,6,4698,False,"[9680, 9673, 9692, 9693]"
550,4,0,0.0,0,6,4698,False,"[24065, 24083, 24033, 24063]"
551,4,1,0.25,0,6,4698,False,"[23504, 23507, 23508, 23517]"
552,4,2,0.5,0,6,4698,True,"[22720, 22713, 22762, 22774]"
553,4,1,0.25,0,6,4698,False,"[17600, 17639, 17595, 17599]"
554,4,0,0.0,0,6,4698,False,"[13913, 13914, 13963, 13964]"
555,4,0,0.0,0,6,4698,False,"[20672, 20675, 20651, 20667]"
556,4,0,0.0,0,6,4698,False,"[12355, 12364, 12373, 12350]"
557,4,0,0.0,0,6,4698,False,"[4554, 4564, 4541, 4559]"
558,4,0,0.0,0,6,4698,False,"[5345, 5346, 5371, 5365]"
559,4,0,0.0,0,6,4800,False,"[19131, 19124, 19158, 19143]"
560,4,0,0.0,0,6,4800,False,"[3209, 3194, 3188, 3189]"
561,4,0,0.0,0,6,4820,False,"[12929, 12945, 12940, 12949]"
562,4,1,0.25,0,6,4820,False,"[12420, 12460, 12461, 12471]"
563,4,0,0.0,0,6,4820,False,"[13432, 13431, 13467, 13423]"
564,4,0,0.0,0,6,4864,False,"[23768, 23771, 23774, 23775]"
565,4,0,0.0,0,6,4988,False,"[6575, 6572, 6573, 6551]"
566,4,0,0.0,0,6,4988,False,"[10913, 10905, 10921, 10948]"
567,4,0,0.0,0,6,4988,False,"[5721, 5715, 5716, 5717]"
568,4,0,0.0,0,6,4988,False,"[4697, 4699, 4669, 4670]"
569,4,0,0.0,0,6,4988,False,"[8784, 8811, 8792, 8796]"
570,4,0,0.0,0,6,4988,False,"[7898, 7891, 7893, 7894]"
571,4,0,0.0,0,6,4988,False,"[4985, 5017, 4979, 4986]"
572,4,1,0.25,0,6,4988,False,"[6258, 6245, 6230, 6247]"
573,4,0,0.0,0,6,4988,False,"[7041, 7039, 7053, 7023]"
574,4,0,0.0,0,6,4988,False,"[4352, 4351, 4359, 4343]"
575,3,1,0.333,1,1,9,False,"[1320, 10957, 10974]"
576,3,1,0.333,1,1,9,False,"[7890, 22998, 23054]"
577,3,1,0.333,1,1,9,False,"[17449, 22378, 22395]"
578,3,2,0.667,1,1,56,True,"[8800, 13257, 13248]"
579,3,0,0.0,2,0,127,False,"[16282, 23006, 9334]"
580,3,0,0.0,1,1,127,False,"[17664, 17662, 24846]"
581,3,1,0.333,1,1,139,False,"[17640, 20090, 17635]"
582,3,0,0.0,2,0,496,False,"[8953, 28882, 5862]"
583,3,1,0.333,1,1,552,False,"[3408, 3409, 1085]"
584,3,0,0.0,1,1,646,False,"[9721, 24662, 24663]"
585,3,0,0.0,1,1,646,False,"[23588, 26949, 26958]"
586,3,0,0.0,1,1,828,False,"[13304, 13316, 1862]"
587,3,0,0.0,2,0,828,False,"[25411, 10419, 7829]"
588,3,1,0.333,1,1,1340,False,"[2692, 11268, 11294]"
589,3,0,0.0,1,1,1341,False,"[22592, 3649, 22630]"
590,3,0,0.0,1,1,1401,False,"[21757, 21738, 12021]"
591,3,0,0.0,1,1,1401,False,"[23546, 18306, 23510]"
592,3,0,0.0,1,1,1401,False,"[29096, 18906, 18892]"
593,3,3,1.0,1,1,1419,True,"[2688, 1484, 1485]"
594,3,3,1.0,1,1,1419,True,"[5561, 8610, 8603]"
595,3,0,0.0,1,1,1526,False,"[21960, 16549, 21966]"
596,3,2,0.667,3,0,1574,True,"[14899, 18638, 7158]"
597,3,0,0.0,1,1,1597,False,"[2930, 11477, 2927]"
598,3,0,0.0,1,1,1597,False,"[5668, 5662, 3639]"
599,3,0,0.0,2,0,1761,False,"[25019, 22214, 5526]"
600,3,0,0.0,1,1,1761,False,"[16825, 13172, 16822]"
601,3,2,0.667,1,1,1814,True,"[29062, 26174, 29047]"
602,3,0,0.0,3,0,1848,False,"[19248, 23565, 5974]"
603,3,0,0.0,1,1,1859,False,"[7017, 17829, 17831]"
604,3,1,0.333,1,1,1881,False,"[12168, 465, 12172]"
605,3,1,0.333,1,1,1881,False,"[7450, 12773, 12786]"
606,3,0,0.0,1,1,1881,False,"[8376, 8699, 8388]"
607,3,0,0.0,1,1,1881,False,"[21888, 8523, 8511]"
608,3,0,0.0,1,1,1907,False,"[6865, 21154, 6892]"
609,3,0,0.0,1,1,1907,False,"[28768, 25201, 28770]"
610,3,1,0.333,1,1,1941,False,"[28370, 19019, 19014]"
611,3,0,0.0,0,3,1941,False,"[20469, 20453, 20470]"
612,3,0,0.0,1,1,2034,False,"[29635, 29582, 6638]"
613,3,2,0.667,1,1,2043,True,"[13144, 11486, 13167]"
614,3,2,0.667,1,1,2043,True,"[12600, 11734, 12583]"
615,3,0,0.0,1,1,2079,False,"[22726, 4382, 22735]"
616,3,2,0.667,1,1,2127,True,"[13266, 13252, 3973]"
617,3,0,0.0,2,0,2127,False,"[13943, 16195, 8447]"
618,3,1,0.333,1,1,2127,False,"[13099, 13092, 11535]"
619,3,0,0.0,1,1,2127,False,"[23538, 20499, 23525]"
620,3,0,0.0,1,1,2165,False,"[20376, 2482, 20352]"
621,3,0,0.0,1,1,2265,False,"[11417, 17923, 11405]"
622,3,0,0.0,1,1,2477,False,"[14680, 14697, 3700]"
623,3,0,0.0,1,1,2477,False,"[6764, 24550, 24535]"
624,3,0,0.0,1,1,2477,False,"[20969, 20938, 23547]"
625,3,0,0.0,1,1,2477,False,"[29930, 29940, 24597]"
626,3,0,0.0,1,1,2605,False,"[23331, 23348, 22869]"
627,3,0,0.0,1,1,2616,False,"[13656, 14869, 14845]"
628,3,1,0.333,1,1,2864,False,"[16216, 16193, 21146]"
629,3,1,0.333,1,1,3136,False,"[11956, 11709, 11935]"
630,3,0,0.0,1,1,3176,False,"[23482, 16914, 16959]"
631,3,0,0.0,1,1,3188,False,"[23339, 8323, 8324]"
632,3,1,0.333,1,1,3188,False,"[12811, 12755, 12302]"
633,3,1,0.333,1,1,3215,False,"[14114, 14132, 2086]"
634,3,0,0.0,1,1,3215,False,"[5096, 19221, 19222]"
635,3,0,0.0,1,1,3215,False,"[24434, 10147, 24459]"
636,3,2,0.667,1,1,3215,True,"[15960, 15957, 21439]"
637,3,2,0.667,1,1,3237,True,"[20689, 3746, 20687]"
638,3,1,0.333,1,1,3237,False,"[15436, 7461, 7463]"
639,3,1,0.333,1,1,3237,False,"[23100, 23085, 8295]"
640,3,2,0.667,1,1,3237,True,"[24617, 24132, 24111]"
641,3,1,0.333,1,1,3259,False,"[5800, 29474, 29487]"
642,3,0,0.0,1,1,3259,False,"[25760, 6801, 25766]"
643,3,0,0.0,1,1,3259,False,"[17456, 17451, 17612]"
644,3,0,0.0,1,1,3317,False,"[7792, 7785, 24538]"
645,3,0,0.0,1,1,3318,False,"[22834, 22822, 7815]"
646,3,0,0.0,1,1,3618,False,"[17361, 22626, 22625]"
647,3,0,0.0,1,1,3684,False,"[11745, 5234, 5235]"
648,3,0,0.0,1,1,3684,False,"[17882, 6294, 6274]"
649,3,0,0.0,1,1,3684,False,"[12920, 12091, 12084]"
650,3,0,0.0,1,1,3875,False,"[10716, 2276, 10703]"
651,3,0,0.0,1,1,3875,False,"[5232, 21784, 21787]"
652,3,1,0.333,1,1,3876,False,"[23280, 20402, 23247]"
653,3,0,0.0,1,1,3876,False,"[20768, 27221, 20758]"
654,3,0,0.0,1,1,3888,False,"[13176, 28226, 28218]"
655,3,1,0.333,1,1,4034,False,"[21120, 21537, 21492]"
656,3,2,0.667,1,1,4034,True,"[24900, 24909, 25180]"
657,3,0,0.0,1,1,4223,False,"[15419, 8461, 15423]"
658,3,0,0.0,1,1,4223,False,"[24010, 20196, 24029]"
659,3,0,0.0,1,1,4363,False,"[22324, 15021, 22316]"
660,3,0,0.0,1,1,4363,False,"[22202, 17461, 22183]"
661,3,2,0.667,3,0,4623,True,"[16626, 26772, 18694]"
662,3,0,0.0,1,1,4692,False,"[29466, 13499, 13494]"
663,3,1,0.333,1,1,4692,False,"[24112, 18089, 18090]"
664,3,0,0.0,1,1,4698,False,"[17172, 2116, 2095]"
665,3,0,0.0,1,1,4864,False,"[15626, 8774, 15631]"
666,3,0,0.0,0,3,9,False,"[23402, 23397, 23394]"
667,3,0,0.0,0,3,9,False,"[21696, 21689, 21724]"
668,3,3,1.0,0,3,9,True,"[1421, 1422, 1423]"
669,3,0,0.0,0,3,9,False,"[26760, 26753, 26754]"
670,3,0,0.0,0,3,9,False,"[14564, 14565, 14566]"
671,3,0,0.0,0,3,9,False,"[6705, 6698, 6683]"
672,3,0,0.0,0,3,9,False,"[14312, 14314, 14286]"
673,3,1,0.333,0,3,9,False,"[22449, 22458, 22431]"
674,3,0,0.0,0,3,9,False,"[26440, 26410, 26423]"
675,3,0,0.0,0,3,9,False,"[18465, 18459, 18460]"
676,3,1,0.333,0,3,9,False,"[5048, 5088, 5093]"
677,3,1,0.333,0,3,9,False,"[8715, 8764, 8775]"
678,3,1,0.333,0,3,9,False,"[22504, 22524, 22500]"
679,3,1,0.333,0,3,9,False,"[12146, 12178, 12170]"
680,3,0,0.0,0,3,9,False,"[9340, 9341, 9300]"
681,3,2,0.667,0,3,9,True,"[22657, 22667, 22683]"
682,3,1,0.333,0,3,9,False,"[24378, 24373, 24375]"
683,3,1,0.333,0,3,9,False,"[18331, 18349, 18358]"
684,3,1,0.333,0,3,9,False,"[20032, 20037, 20005]"
685,3,1,0.333,0,3,56,False,"[3880, 3914, 3868]"
686,3,0,0.0,0,3,56,False,"[16987, 16988, 16966]"
687,3,1,0.333,0,3,56,False,"[14936, 14924, 14934]"
688,3,1,0.333,0,3,56,False,"[9226, 9251, 9230]"
689,3,2,0.667,0,3,56,True,"[29340, 29382, 29351]"
690,3,2,0.667,0,3,56,True,"[9499, 9493, 9487]"
691,3,2,0.667,0,3,56,True,"[22169, 22171, 22143]"
692,3,1,0.333,0,3,56,False,"[12707, 12731, 12734]"
693,3,0,0.0,0,3,56,False,"[23697, 23714, 23716]"
694,3,1,0.333,0,3,56,False,"[5681, 5706, 5678]"
695,3,0,0.0,0,3,56,False,"[18512, 18514, 18555]"
696,3,0,0.0,0,3,56,False,"[7168, 7139, 7180]"
697,3,0,0.0,0,3,56,False,"[22617, 22643, 22639]"
698,3,1,0.333,0,3,56,False,"[23892, 23877, 23876]"
699,3,0,0.0,0,3,56,False,"[11768, 11756, 11750]"
700,3,0,0.0,0,3,56,False,"[11201, 11194, 11196]"
701,3,0,0.0,0,3,56,False,"[4122, 4125, 4103]"
702,3,0,0.0,0,3,56,False,"[23064, 23062, 23063]"
703,3,0,0.0,0,3,56,False,"[23724, 23725, 23727]"
704,3,0,0.0,0,3,56,False,"[25017, 25018, 25035]"
705,3,1,0.333,0,3,56,False,"[3402, 3349, 3399]"
706,3,0,0.0,0,3,56,False,"[5825, 5826, 5843]"
707,3,0,0.0,0,3,56,False,"[8625, 8634, 8635]"
708,3,1,0.333,0,3,56,False,"[9817, 9833, 9831]"
709,3,0,0.0,0,3,56,False,"[23994, 23987, 23991]"
710,3,0,0.0,0,3,56,False,"[11712, 11713, 11696]"
711,3,0,0.0,0,3,56,False,"[25357, 25379, 25389]"
712,3,0,0.0,0,3,56,False,"[26784, 26770, 26775]"
713,3,0,0.0,0,3,56,False,"[13194, 13219, 13189]"
714,3,1,0.333,0,3,56,False,"[26681, 26683, 26677]"
715,3,1,0.333,0,3,56,False,"[23042, 23052, 23047]"
716,3,0,0.0,0,3,56,False,"[2217, 2218, 2236]"
717,3,0,0.0,0,3,56,False,"[4732, 4734, 4735]"
718,3,0,0.0,0,3,56,False,"[6049, 6108, 6085]"
719,3,0,0.0,0,3,56,False,"[11994, 12054, 12039]"
720,3,0,0.0,0,3,56,False,"[3520, 3521, 3518]"
721,3,1,0.333,0,3,56,False,"[17737, 17754, 17743]"
722,3,0,0.0,0,3,56,False,"[23121, 23122, 23124]"
723,3,0,0.0,0,3,56,False,"[15904, 15945, 15900]"
724,3,1,0.333,0,3,56,False,"[24160, 24171, 24148]"
725,3,1,0.333,0,3,56,False,"[2561, 2622, 2623]"
726,3,0,0.0,0,3,56,False,"[13653, 13630, 13631]"
727,3,0,0.0,0,3,56,False,"[15082, 15107, 15110]"
728,3,0,0.0,0,3,57,False,"[23765, 23795, 23757]"
729,3,0,0.0,0,3,127,False,"[28930, 28899, 28933]"
730,3,0,0.0,0,3,127,False,"[14313, 14308, 14311]"
731,3,2,0.667,0,3,127,True,"[24793, 24804, 24767]"
732,3,0,0.0,0,3,127,False,"[12778, 12747, 12779]"
733,3,0,0.0,0,3,127,False,"[2883, 2891, 2876]"
734,3,0,0.0,0,3,127,False,"[6736, 6730, 6772]"
735,3,0,0.0,0,3,127,False,"[11056, 11053, 11022]"
736,3,0,0.0,0,3,127,False,"[6392, 6390, 6391]"
737,3,0,0.0,0,3,127,False,"[18608, 18603, 18606]"
738,3,0,0.0,0,3,127,False,"[24928, 24929, 24935]"
739,3,0,0.0,0,3,127,False,"[8475, 8469, 8478]"
740,3,0,0.0,0,3,127,False,"[21313, 21322, 21309]"
741,3,1,0.333,0,3,127,False,"[13461, 13438, 13439]"
742,3,0,0.0,0,3,127,False,"[9841, 9834, 9837]"
743,3,0,0.0,0,3,127,False,"[11872, 11865, 11867]"
744,3,0,0.0,0,3,127,False,"[15632, 15609, 15596]"
745,3,0,0.0,0,3,127,False,"[19320, 19321, 19356]"
746,3,0,0.0,0,3,127,False,"[7025, 7050, 7060]"
747,3,0,0.0,0,3,127,False,"[17273, 17290, 17262]"
748,3,0,0.0,0,3,127,False,"[26027, 26044, 26046]"
749,3,0,0.0,0,3,127,False,"[15643, 15670, 15671]"
750,3,0,0.0,0,3,127,False,"[21352, 21366, 21359]"
751,3,0,0.0,0,3,139,False,"[20953, 20954, 20973]"
752,3,1,0.333,0,3,139,False,"[13938, 13939, 13971]"
753,3,0,0.0,0,3,139,False,"[2473, 2466, 2406]"
754,3,0,0.0,0,3,139,False,"[10360, 10348, 10350]"
755,3,0,0.0,0,3,352,False,"[28305, 28292, 28294]"
756,3,0,0.0,0,3,352,False,"[12226, 12188, 12237]"
757,3,1,0.333,0,3,352,False,"[2420, 2485, 2455]"
758,3,0,0.0,0,3,352,False,"[12248, 12250, 12266]"
759,3,0,0.0,0,3,352,False,"[8139, 8107, 8095]"
760,3,1,0.333,0,3,352,False,"[7202, 7215, 7159]"
761,3,0,0.0,0,3,395,False,"[21265, 21268, 21263]"
762,3,0,0.0,0,3,395,False,"[4402, 4406, 4383]"
763,3,0,0.0,0,3,395,False,"[27316, 27308, 27325]"
764,3,0,0.0,0,3,496,False,"[7299, 7300, 7302]"
765,3,0,0.0,0,3,496,False,"[20716, 20717, 20727]"
766,3,1,0.333,0,3,496,False,"[4584, 4582, 4575]"
767,3,0,0.0,0,3,496,False,"[1777, 1779, 1774]"
768,3,0,0.0,0,3,646,False,"[15826, 15844, 15822]"
769,3,0,0.0,0,3,646,False,"[2857, 2827, 2828]"
770,3,0,0.0,0,3,646,False,"[10280, 10291, 10294]"
771,3,0,0.0,0,3,646,False,"[29723, 29782, 29783]"
772,3,0,0.0,0,3,646,False,"[7560, 7579, 7557]"
773,3,0,0.0,0,3,646,False,"[24701, 24693, 24694]"
774,3,0,0.0,0,3,828,False,"[4864, 4876, 4877]"
775,3,0,0.0,0,3,828,False,"[17692, 17693, 17703]"
776,3,3,1.0,0,3,828,True,"[1137, 1131, 1126]"
777,3,0,0.0,0,3,828,False,"[27047, 27046, 27063]"
778,3,0,0.0,0,3,828,False,"[11752, 11771, 11772]"
779,3,0,0.0,0,3,828,False,"[18145, 18162, 18163]"
780,3,0,0.0,0,3,828,False,"[20044, 20046, 20047]"
781,3,0,0.0,0,3,828,False,"[8584, 8570, 8574]"
782,3,0,0.0,0,3,828,False,"[10004, 10007, 9999]"
783,3,0,0.0,0,3,828,False,"[18582, 18622, 18575]"
784,3,0,0.0,0,3,828,False,"[10474, 10476, 10500]"
785,3,1,0.333,0,3,828,False,"[13040, 13061, 13014]"
786,3,0,0.0,0,3,828,False,"[4322, 4300, 4325]"
787,3,1,0.333,0,3,828,False,"[16303, 16315, 16295]"
788,3,0,0.0,0,3,828,False,"[2000, 2017, 1996]"
789,3,0,0.0,0,3,828,False,"[2378, 2387, 2373]"
790,3,1,0.333,0,3,828,False,"[14867, 14860, 14871]"
791,3,0,0.0,0,3,828,False,"[5728, 5731, 5727]"
792,3,0,0.0,0,3,828,False,"[17288, 17282, 17302]"
793,3,1,0.333,0,3,828,False,"[4519, 4525, 4503]"
794,3,0,0.0,0,3,828,False,"[28347, 28341, 28342]"
795,3,1,0.333,0,3,828,False,"[13164, 13156, 13150]"
796,3,1,0.333,0,3,828,False,"[15104, 15101, 15103]"
797,3,0,0.0,0,3,828,False,"[4569, 4556, 4558]"
798,3,0,0.0,0,3,828,False,"[6168, 6198, 6175]"
799,3,0,0.0,0,3,892,False,"[8773, 8718, 8767]"
800,3,0,0.0,0,3,940,False,"[7280, 7290, 7291]"
801,3,0,0.0,0,3,1199,False,"[20456, 20461, 20455]"
802,3,0,0.0,0,3,1199,False,"[29376, 29383, 29359]"
803,3,2,0.667,0,3,1298,True,"[14049, 14067, 14078]"
804,3,1,0.333,0,3,1298,False,"[29009, 28973, 28957]"
805,3,1,0.333,0,3,1298,False,"[10562, 10555, 10550]"
806,3,0,0.0,0,3,1298,False,"[24424, 24413, 24415]"
807,3,0,0.0,0,3,1298,False,"[6867, 6875, 6870]"
808,3,1,0.333,0,3,1298,False,"[10457, 10461, 10463]"
809,3,0,0.0,0,3,1298,False,"[16842, 16843, 16821]"
810,3,0,0.0,0,3,1298,False,"[7153, 7141, 7169]"
811,3,0,0.0,0,3,1298,False,"[15513, 15499, 15510]"
812,3,0,0.0,0,3,1298,False,"[4137, 4139, 4127]"
813,3,0,0.0,0,3,1298,False,"[15864, 15817, 15819]"
814,3,0,0.0,0,3,1298,False,"[2675, 2676, 2678]"
815,3,0,0.0,0,3,1298,False,"[29228, 29229, 29230]"
816,3,0,0.0,0,3,1298,False,"[3816, 3782, 3807]"
817,3,0,0.0,0,3,1306,False,"[12960, 12961, 12958]"
818,3,1,0.333,0,3,1306,False,"[21856, 21882, 21867]"
819,3,0,0.0,0,3,1340,False,"[12568, 12563, 12567]"
820,3,0,0.0,0,3,1340,False,"[20360, 20347, 20383]"
821,3,0,0.0,0,3,1340,False,"[18473, 18474, 18475]"
822,3,1,0.333,0,3,1340,False,"[20058, 20059, 20062]"
823,3,0,0.0,0,3,1340,False,"[17559, 17552, 17551]"
824,3,1,0.333,0,3,1341,False,"[11122, 11115, 11125]"
825,3,1,0.333,0,3,1341,False,"[22480, 22522, 22527]"
826,3,0,0.0,0,3,1341,False,"[23595, 23606, 23623]"
827,3,0,0.0,0,3,1341,False,"[12010, 12007, 11999]"
828,3,0,0.0,0,3,1341,False,"[9460, 9478, 9455]"
829,3,0,0.0,0,3,1341,False,"[11312, 11315, 11318]"
830,3,0,0.0,0,3,1341,False,"[1608, 1603, 1580]"
831,3,0,0.0,0,3,1341,False,"[17214, 17206, 17182]"
832,3,0,0.0,0,3,1341,False,"[7248, 7253, 7262]"
833,3,0,0.0,0,3,1341,False,"[20936, 21001, 21007]"
834,3,0,0.0,0,3,1341,False,"[28280, 28308, 28309]"
835,3,2,0.667,0,3,1341,True,"[24258, 24219, 24214]"
836,3,0,0.0,0,3,1341,False,"[17544, 17540, 17543]"
837,3,0,0.0,0,3,1341,False,"[19489, 19482, 19486]"
838,3,1,0.333,0,3,1401,False,"[9085, 9083, 9077]"
839,3,0,0.0,0,3,1401,False,"[18656, 18653, 18655]"
840,3,1,0.333,0,3,1401,False,"[16648, 16634, 16670]"
841,3,2,0.667,0,3,1401,True,"[27157, 27174, 27167]"
842,3,3,1.0,0,3,1401,True,"[15369, 15346, 15375]"
843,3,0,0.0,0,3,1401,False,"[4376, 4380, 4373]"
844,3,1,0.333,0,3,1401,False,"[19897, 19882, 19900]"
845,3,0,0.0,0,3,1401,False,"[13480, 13482, 13483]"
846,3,1,0.333,0,3,1401,False,"[14056, 14051, 14079]"
847,3,0,0.0,0,3,1401,False,"[28690, 28677, 28679]"
848,3,0,0.0,0,3,1401,False,"[22896, 22897, 22871]"
849,3,1,0.333,0,3,1401,False,"[27824, 27801, 27830]"
850,3,0,0.0,0,3,1419,False,"[26937, 26948, 26942]"
851,3,0,0.0,0,3,1419,False,"[27459, 27467, 27462]"
852,3,1,0.333,0,3,1419,False,"[16589, 16605, 16574]"
853,3,1,0.333,0,3,1433,False,"[29400, 29448, 29431]"
854,3,0,0.0,0,3,1433,False,"[23798, 23758, 23799]"
855,3,0,0.0,0,3,1526,False,"[6296, 6316, 6311]"
856,3,0,0.0,0,3,1526,False,"[20961, 20964, 20959]"
857,3,1,0.333,0,3,1526,False,"[21383, 21409, 21375]"
858,3,0,0.0,0,3,1526,False,"[13704, 13676, 13677]"
859,3,0,0.0,0,3,1526,False,"[26091, 26108, 26085]"
860,3,0,0.0,0,3,1526,False,"[1656, 1657, 1667]"
861,3,0,0.0,0,3,1526,False,"[6792, 6810, 6795]"
862,3,0,0.0,0,3,1526,False,"[4969, 4954, 4961]"
863,3,0,0.0,0,3,1526,False,"[9609, 9606, 9591]"
864,3,0,0.0,0,3,1526,False,"[21457, 21467, 21470]"
865,3,0,0.0,0,3,1526,False,"[3530, 3483, 3508]"
866,3,0,0.0,0,3,1536,False,"[18642, 18637, 18639]"
867,3,0,0.0,0,3,1536,False,"[14155, 14148, 14151]"
868,3,1,0.333,0,3,1574,False,"[13514, 13506, 13526]"
869,3,2,0.667,0,3,1597,True,"[25090, 25123, 25118]"
870,3,0,0.0,0,3,1597,False,"[11138, 11139, 11140]"
871,3,1,0.333,0,3,1597,False,"[29032, 29077, 29037]"
872,3,0,0.0,0,3,1597,False,"[20274, 20267, 20266]"
873,3,0,0.0,0,3,1597,False,"[9592, 9612, 9607]"
874,3,0,0.0,0,3,1597,False,"[20745, 20746, 20771]"
875,3,0,0.0,0,3,1597,False,"[1659, 1662, 1647]"
876,3,1,0.333,0,3,1597,False,"[5850, 5859, 5838]"
877,3,0,0.0,0,3,1597,False,"[11931, 11932, 11927]"
878,3,1,0.333,0,3,1597,False,"[5449, 5412, 5438]"
879,3,0,0.0,0,3,1597,False,"[15736, 15705, 15716]"
880,3,0,0.0,0,3,1597,False,"[14545, 14546, 14548]"
881,3,0,0.0,0,3,1597,False,"[15092, 15085, 15118]"
882,3,1,0.333,0,3,1597,False,"[8721, 8724, 8757]"
883,3,0,0.0,0,3,1597,False,"[6306, 6317, 6318]"
884,3,0,0.0,0,3,1597,False,"[11456, 11412, 11404]"
885,3,0,0.0,0,3,1597,False,"[2640, 2653, 2637]"
886,3,0,0.0,0,3,1700,False,"[10337, 10334, 10343]"
887,3,0,0.0,0,3,1700,False,"[4913, 4922, 4926]"
888,3,0,0.0,0,3,1700,False,"[12499, 12508, 12485]"
889,3,0,0.0,0,3,1700,False,"[14657, 14667, 14639]"
890,3,0,0.0,0,3,1775,False,"[20904, 20898, 20903]"
891,3,0,0.0,0,3,1775,False,"[1646, 1669, 1670]"
892,3,1,0.333,0,3,1775,False,"[20639, 20579, 20615]"
893,3,0,0.0,0,3,1809,False,"[22496, 22499, 22517]"
894,3,0,0.0,0,3,1809,False,"[8184, 8180, 8151]"
895,3,1,0.333,0,3,1809,False,"[11233, 11244, 11231]"
896,3,0,0.0,0,3,1809,False,"[24136, 24124, 24135]"
897,3,0,0.0,0,3,1809,False,"[6449, 6426, 6427]"
898,3,0,0.0,0,3,1809,False,"[10880, 10892, 10885]"
899,3,0,0.0,0,3,1809,False,"[8232, 8230, 8231]"
900,3,0,0.0,0,3,1809,False,"[16217, 16218, 16231]"
901,3,1,0.333,0,3,1809,False,"[10196, 10214, 10220]"
902,3,0,0.0,0,3,1809,False,"[14466, 14460, 14463]"
903,3,0,0.0,0,3,1809,False,"[20584, 20626, 20627]"
904,3,0,0.0,0,3,1809,False,"[5778, 5771, 5773]"
905,3,0,0.0,0,3,1809,False,"[2468, 2421, 2430]"
906,3,0,0.0,0,3,1814,False,"[28728, 28729, 28740]"
907,3,0,0.0,0,3,1814,False,"[17408, 17435, 17407]"
908,3,2,0.667,0,3,1814,True,"[28040, 28033, 28015]"
909,3,1,0.333,0,3,1814,False,"[29868, 29845, 29807]"
910,3,0,0.0,0,3,1814,False,"[22775, 22723, 22719]"
911,3,0,0.0,0,3,1814,False,"[19704, 19699, 19708]"
912,3,1,0.333,0,3,1814,False,"[29603, 29580, 29597]"
913,3,1,0.333,0,3,1814,False,"[15786, 15763, 15758]"
914,3,2,0.667,0,3,1814,True,"[27385, 27435, 27431]"
915,3,1,0.333,0,3,1814,False,"[28980, 28975, 28967]"
916,3,0,0.0,0,3,1848,False,"[11992, 11986, 11988]"
917,3,1,0.333,0,3,1848,False,"[25578, 25571, 25549]"
918,3,0,0.0,0,3,1848,False,"[21179, 21182, 21143]"
919,3,0,0.0,0,3,1848,False,"[25625, 25603, 25620]"
920,3,1,0.333,0,3,1848,False,"[13474, 13473, 13426]"
921,3,0,0.0,0,3,1848,False,"[10992, 10953, 10968]"
922,3,0,0.0,0,3,1848,False,"[14770, 14788, 14765]"
923,3,0,0.0,0,3,1859,False,"[27080, 27105, 27088]"
924,3,0,0.0,0,3,1859,False,"[18136, 18132, 18118]"
925,3,0,0.0,0,3,1859,False,"[16498, 16499, 16500]"
926,3,0,0.0,0,3,1859,False,"[27913, 27914, 27915]"
927,3,0,0.0,0,3,1859,False,"[2169, 2153, 2164]"
928,3,0,0.0,0,3,1859,False,"[4240, 4248, 4262]"
929,3,0,0.0,0,3,1859,False,"[26412, 26413, 26439]"
930,3,0,0.0,0,3,1881,False,"[15536, 15542, 15534]"
931,3,1,0.333,0,3,1881,False,"[23201, 23202, 23239]"
932,3,0,0.0,0,3,1881,False,"[29481, 29482, 29477]"
933,3,0,0.0,0,3,1881,False,"[2481, 2490, 2484]"
934,3,0,0.0,0,3,1881,False,"[17512, 17521, 17515]"
935,3,0,0.0,0,3,1881,False,"[21210, 21203, 21206]"
936,3,0,0.0,0,3,1881,False,"[14507, 14500, 14486]"
937,3,3,1.0,0,3,1881,True,"[1136, 1134, 1127]"
938,3,0,0.0,0,3,1881,False,"[21323, 21302, 21327]"
939,3,1,0.333,0,3,1881,False,"[15752, 15753, 15747]"
940,3,1,0.333,0,3,1881,False,"[27480, 27449, 27451]"
941,3,0,0.0,0,3,1881,False,"[11016, 11017, 11018]"
942,3,0,0.0,0,3,1881,False,"[21665, 21650, 21667]"
943,3,0,0.0,0,3,1881,False,"[1604, 1581, 1558]"
944,3,0,0.0,0,3,1881,False,"[9922, 9941, 9927]"
945,3,0,0.0,0,3,1881,False,"[17930, 17916, 17926]"
946,3,0,0.0,0,3,1881,False,"[11529, 11541, 11526]"
947,3,1,0.333,0,3,1881,False,"[20440, 20450, 20493]"
948,3,0,0.0,0,3,1907,False,"[6443, 6435, 6444]"
949,3,0,0.0,0,3,1907,False,"[13370, 13371, 13372]"
950,3,0,0.0,0,3,1907,False,"[4553, 4586, 4572]"
951,3,0,0.0,0,3,1907,False,"[20313, 20314, 20315]"
952,3,0,0.0,0,3,1907,False,"[26100, 26093, 26103]"
953,3,0,0.0,0,3,1907,False,"[21466, 21460, 21471]"
954,3,0,0.0,0,3,1917,False,"[5904, 5898, 5901]"
955,3,1,0.333,0,3,1917,False,"[18520, 18529, 18523]"
956,3,0,0.0,0,3,1917,False,"[8396, 8398, 8399]"
957,3,0,0.0,0,3,1917,False,"[1629, 1621, 1623]"
958,3,0,0.0,0,3,1917,False,"[23619, 23620, 23629]"
959,3,0,0.0,0,3,1917,False,"[29736, 29734, 29735]"
960,3,1,0.333,0,3,1917,False,"[4064, 4065, 4055]"
961,3,0,0.0,0,3,1941,False,"[26490, 26453, 26494]"
962,3,0,0.0,0,3,1941,False,"[29275, 29316, 29309]"
963,3,0,0.0,0,3,1941,False,"[18056, 18010, 18055]"
964,3,0,0.0,0,3,1941,False,"[29688, 29687, 29663]"
965,3,0,0.0,0,3,2034,False,"[29449, 29442, 29419]"
966,3,1,0.333,0,3,2127,False,"[13192, 13217, 13222]"
967,3,1,0.333,0,3,2127,False,"[21922, 21941, 21951]"
968,3,0,0.0,0,3,2127,False,"[3849, 3842, 3851]"
969,3,1,0.333,0,3,2127,False,"[16720, 16758, 16719]"
970,3,0,0.0,0,3,2127,False,"[5163, 5134, 5167]"
971,3,1,0.333,0,3,2127,False,"[22825, 22818, 22821]"
972,3,1,0.333,0,3,2127,False,"[3048, 3064, 3067]"
973,3,0,0.0,0,3,2127,False,"[20704, 20705, 20703]"
974,3,0,0.0,0,3,2127,False,"[15072, 15069, 15078]"
975,3,0,0.0,0,3,2127,False,"[24857, 24838, 24881]"
976,3,0,0.0,0,3,2127,False,"[21666, 21659, 21660]"
977,3,2,0.667,0,3,2127,True,"[22698, 22666, 22680]"
978,3,0,0.0,0,3,2127,False,"[9626, 9627, 9620]"
979,3,1,0.333,0,3,2127,False,"[8144, 8154, 8157]"
980,3,0,0.0,0,3,2127,False,"[4196, 4190, 4191]"
981,3,2,0.667,0,3,2127,True,"[10600, 10609, 10596]"
982,3,0,0.0,0,3,2127,False,"[10906, 10898, 10895]"
983,3,1,0.333,0,3,2127,False,"[11634, 11676, 11647]"
984,3,0,0.0,0,3,2127,False,"[3612, 3630, 3631]"
985,3,0,0.0,0,3,2127,False,"[19256, 19257, 19251]"
986,3,0,0.0,0,3,2127,False,"[17202, 17203, 17205]"
987,3,0,0.0,0,3,2165,False,"[7657, 7659, 7668]"
988,3,0,0.0,0,3,2165,False,"[18724, 18725, 18726]"
989,3,0,0.0,0,3,2165,False,"[28922, 28931, 28923]"
990,3,0,0.0,0,3,2165,False,"[24194, 24195, 24207]"
991,3,0,0.0,0,3,2165,False,"[15024, 15026, 15027]"
992,3,0,0.0,0,3,2165,False,"[6403, 6379, 6422]"
993,3,0,0.0,0,3,2165,False,"[22272, 22243, 22276]"
994,3,1,0.333,0,3,2223,False,"[12865, 12854, 12839]"
995,3,0,0.0,0,3,2231,False,"[13768, 13782, 13783]"
996,3,1,0.333,0,3,2231,False,"[2600, 2599, 2583]"
997,3,2,0.667,0,3,2231,True,"[15117, 15093, 15102]"
998,3,1,0.333,0,3,2231,False,"[7327, 7322, 7271]"
999,3,0,0.0,0,3,2231,False,"[16562, 16546, 16557]"
1000,3,0,0.0,0,3,2262,False,"[2096, 2083, 2076]"
1001,3,0,0.0,0,3,2262,False,"[13291, 13284, 13287]"
1002,3,0,0.0,0,3,2262,False,"[17320, 17322, 17317]"
1003,3,0,0.0,0,3,2265,False,"[26248, 26256, 26255]"
1004,3,0,0.0,0,3,2265,False,"[24145, 24177, 24206]"
1005,3,0,0.0,0,3,2265,False,"[11026, 11027, 11028]"
1006,3,1,0.333,0,3,2265,False,"[28153, 28181, 28142]"
1007,3,0,0.0,0,3,2265,False,"[17585, 17563, 17565]"
1008,3,0,0.0,0,3,2265,False,"[12408, 12409, 12410]"
1009,3,1,0.333,0,3,2265,False,"[2587, 2572, 2589]"
1010,3,0,0.0,0,3,2265,False,"[4146, 4147, 4111]"
1011,3,0,0.0,0,3,2605,False,"[1992, 1993, 1986]"
1012,3,0,0.0,0,3,2605,False,"[13177, 13203, 13175]"
1013,3,0,0.0,0,3,2605,False,"[14585, 14586, 14583]"
1014,3,0,0.0,0,3,2605,False,"[18024, 18041, 18028]"
1015,3,0,0.0,0,3,2605,False,"[21664, 21661, 21663]"
1016,3,0,0.0,0,3,2605,False,"[5424, 5437, 5422]"
1017,3,0,0.0,0,3,2605,False,"[6378, 6373, 6359]"
1018,3,1,0.333,0,3,2605,False,"[14232, 14243, 14228]"
1019,3,0,0.0,0,3,2605,False,"[8089, 8090, 8092]"
1020,3,0,0.0,0,3,2605,False,"[29544, 29549, 29574]"
1021,3,0,0.0,0,3,2605,False,"[4290, 4286, 4278]"
1022,3,0,0.0,0,3,2605,False,"[17200, 17189, 17207]"
1023,3,0,0.0,0,3,2605,False,"[12914, 12923, 12922]"
1024,3,0,0.0,0,3,2605,False,"[26154, 26132, 26135]"
1025,3,0,0.0,0,3,2605,False,"[2225, 2222, 2223]"
1026,3,1,0.333,0,3,2605,False,"[10025, 10036, 10044]"
1027,3,1,0.333,0,3,2605,False,"[12072, 12086, 12094]"
1028,3,0,0.0,0,3,2605,False,"[21842, 21822, 21839]"
1029,3,0,0.0,0,3,2605,False,"[24306, 24300, 24278]"
1030,3,0,0.0,0,3,2605,False,"[6952, 6938, 6942]"
1031,3,0,0.0,0,3,2605,False,"[25667, 25677, 25671]"
1032,3,0,0.0,0,3,2605,False,"[27728, 27729, 27731]"
1033,3,0,0.0,0,3,2605,False,"[9917, 9926, 9935]"
1034,3,0,0.0,0,3,2605,False,"[14944, 14933, 14919]"
1035,3,0,0.0,0,3,2605,False,"[13584, 13582, 13583]"
1036,3,0,0.0,0,3,2605,False,"[5928, 5960, 5925]"
1037,3,0,0.0,0,3,2605,False,"[20912, 20888, 20911]"
1038,3,0,0.0,0,3,2605,False,"[8576, 8593, 8598]"
1039,3,0,0.0,0,3,2605,False,"[11736, 11761, 11759]"
1040,3,0,0.0,0,3,2605,False,"[9058, 9078, 9095]"
1041,3,0,0.0,0,3,2605,False,"[17571, 17579, 17566]"
1042,3,0,0.0,0,3,2605,False,"[14104, 14128, 14127]"
1043,3,0,0.0,0,3,2605,False,"[6219, 6172, 6207]"
1044,3,0,0.0,0,3,2616,False,"[16042, 16037, 16038]"
1045,3,0,0.0,0,3,2616,False,"[7745, 7742, 7783]"
1046,3,1,0.333,0,3,2864,False,"[6514, 6494, 6495]"
1047,3,0,0.0,0,3,2864,False,"[15304, 15306, 15295]"
1048,3,0,0.0,0,3,2864,False,"[15043, 15044, 15045]"
1049,3,0,0.0,0,3,2864,False,"[23776, 23777, 23786]"
1050,3,0,0.0,0,3,2864,False,"[29920, 29961, 29953]"
1051,3,0,0.0,0,3,2864,False,"[9025, 9029, 9030]"
1052,3,0,0.0,0,3,3003,False,"[26897, 26892, 26895]"
1053,3,0,0.0,0,3,3003,False,"[26418, 26419, 26399]"
1054,3,0,0.0,0,3,3003,False,"[21840, 21800, 21796]"
1055,3,0,0.0,0,3,3003,False,"[11183, 11181, 11175]"
1056,3,0,0.0,0,3,3003,False,"[2545, 2539, 2525]"
1057,3,0,0.0,0,3,3003,False,"[20553, 20516, 20537]"
1058,3,0,0.0,0,3,3003,False,"[6828, 6813, 6838]"
1059,3,0,0.0,0,3,3003,False,"[10092, 10118, 10087]"
1060,3,0,0.0,0,3,3003,False,"[7946, 7965, 7943]"
1061,3,1,0.333,0,3,3003,False,"[15080, 15112, 15119]"
1062,3,0,0.0,0,3,3003,False,"[9312, 9297, 9319]"
1063,3,0,0.0,0,3,3003,False,"[27320, 27291, 27311]"
1064,3,0,0.0,0,3,3003,False,"[18376, 18394, 18403]"
1065,3,1,0.333,0,3,3003,False,"[3321, 3316, 3340]"
1066,3,0,0.0,0,3,3003,False,"[27096, 27093, 27054]"
1067,3,0,0.0,0,3,3003,False,"[26297, 26299, 26302]"
1068,3,0,0.0,0,3,3075,False,"[18545, 18562, 18571]"
1069,3,1,0.333,0,3,3075,False,"[10451, 10428, 10459]"
1070,3,0,0.0,0,3,3075,False,"[22286, 22270, 22287]"
1071,3,0,0.0,0,3,3075,False,"[15857, 15813, 15863]"
1072,3,0,0.0,0,3,3075,False,"[11443, 11452, 11455]"
1073,3,0,0.0,0,3,3075,False,"[4643, 4651, 4630]"
1074,3,1,0.333,0,3,3136,False,"[1824, 1821, 1814]"
1075,3,2,0.667,0,3,3136,True,"[8073, 8075, 8083]"
1076,3,2,0.667,0,3,3136,True,"[25844, 25846, 25831]"
1077,3,2,0.667,0,3,3136,True,"[1912, 1908, 1910]"
1078,3,1,0.333,0,3,3136,False,"[23384, 23401, 23386]"
1079,3,2,0.667,0,3,3136,True,"[22658, 22675, 22670]"
1080,3,0,0.0,0,3,3136,False,"[9036, 9038, 9087]"
1081,3,0,0.0,0,3,3136,False,"[11864, 11883, 11887]"
1082,3,0,0.0,0,3,3136,False,"[14532, 14534, 14535]"
1083,3,0,0.0,0,3,3136,False,"[13977, 13978, 13985]"
1084,3,0,0.0,0,3,3136,False,"[17232, 17219, 17235]"
1085,3,1,0.333,0,3,3136,False,"[28322, 28355, 28332]"
1086,3,0,0.0,0,3,3136,False,"[3049, 3066, 3045]"
1087,3,2,0.667,0,3,3136,True,"[18216, 18234, 18213]"
1088,3,1,0.333,0,3,3136,False,"[14449, 14468, 14421]"
1089,3,0,0.0,0,3,3136,False,"[19730, 19732, 19740]"
1090,3,0,0.0,0,3,3136,False,"[20896, 20892, 20877]"
1091,3,0,0.0,0,3,3136,False,"[25216, 25210, 25215]"
1092,3,0,0.0,0,3,3136,False,"[2408, 2411, 2407]"
1093,3,1,0.333,0,3,3136,False,"[5514, 5541, 5543]"
1094,3,0,0.0,0,3,3136,False,"[14739, 14742, 14679]"
1095,3,1,0.333,0,3,3136,False,"[23089, 23067, 23070]"
1096,3,0,0.0,0,3,3136,False,"[20320, 20322, 20282]"
1097,3,2,0.667,0,3,3136,True,"[10688, 10700, 10693]"
1098,3,1,0.333,0,3,3136,False,"[2754, 2750, 2751]"
1099,3,1,0.333,0,3,3176,False,"[9384, 9357, 9375]"
1100,3,0,0.0,0,3,3176,False,"[17730, 17733, 17750]"
1101,3,0,0.0,0,3,3188,False,"[19692, 19685, 19670]"
1102,3,0,0.0,0,3,3188,False,"[14220, 14244, 14221]"
1103,3,0,0.0,0,3,3188,False,"[2953, 2949, 2950]"
1104,3,0,0.0,0,3,3188,False,"[9289, 9290, 9291]"
1105,3,0,0.0,0,3,3188,False,"[28417, 28418, 28395]"
1106,3,0,0.0,0,3,3188,False,"[15169, 15147, 15129]"
1107,3,0,0.0,0,3,3188,False,"[24994, 24957, 24983]"
1108,3,1,0.333,0,3,3188,False,"[7166, 7174, 7175]"
1109,3,0,0.0,0,3,3188,False,"[29528, 29516, 29559]"
1110,3,0,0.0,0,3,3188,False,"[5785, 5809, 5807]"
1111,3,0,0.0,0,3,3188,False,"[18852, 18821, 18814]"
1112,3,0,0.0,0,3,3188,False,"[5325, 5326, 5302]"
1113,3,0,0.0,0,3,3188,False,"[29648, 29586, 29595]"
1114,3,0,0.0,0,3,3194,False,"[24651, 24644, 24670]"
1115,3,0,0.0,0,3,3194,False,"[13619, 13620, 13613]"
1116,3,0,0.0,0,3,3215,False,"[11156, 11166, 11167]"
1117,3,2,0.667,0,3,3215,True,"[14073, 14083, 14046]"
1118,3,0,0.0,0,3,3215,False,"[3283, 3276, 3269]"
1119,3,1,0.333,0,3,3215,False,"[4992, 5018, 5000]"
1120,3,0,0.0,0,3,3215,False,"[14832, 14833, 14805]"
1121,3,0,0.0,0,3,3215,False,"[7592, 7593, 7607]"
1122,3,1,0.333,0,3,3215,False,"[16374, 16366, 16375]"
1123,3,0,0.0,0,3,3215,False,"[4256, 4254, 4231]"
1124,3,1,0.333,0,3,3215,False,"[10728, 10689, 10719]"
1125,3,1,0.333,0,3,3215,False,"[23274, 23259, 23275]"
1126,3,1,0.333,0,3,3215,False,"[15032, 15017, 15036]"
1127,3,1,0.333,0,3,3215,False,"[4363, 4348, 4349]"
1128,3,1,0.333,0,3,3237,False,"[21602, 21562, 21556]"
1129,3,0,0.0,0,3,3237,False,"[8769, 8770, 8772]"
1130,3,1,0.333,0,3,3237,False,"[22554, 22549, 22567]"
1131,3,0,0.0,0,3,3237,False,"[2945, 2906, 2954]"
1132,3,1,0.333,0,3,3237,False,"[16672, 16675, 16686]"
1133,3,0,0.0,0,3,3237,False,"[19560, 19547, 19516]"
1134,3,1,0.333,0,3,3237,False,"[9059, 9037, 9093]"
1135,3,0,0.0,0,3,3237,False,"[20769, 20741, 20767]"
1136,3,1,0.333,0,3,3237,False,"[6625, 6675, 6654]"
1137,3,0,0.0,0,3,3237,False,"[7179, 7156, 7221]"
1138,3,2,0.667,0,3,3237,True,"[11704, 11692, 11718]"
1139,3,1,0.333,0,3,3237,False,"[7690, 7714, 7687]"
1140,3,1,0.333,0,3,3237,False,"[21009, 21028, 21054]"
1141,3,0,0.0,0,3,3237,False,"[22498, 22492, 22478]"
1142,3,0,0.0,0,3,3237,False,"[9377, 9348, 9383]"
1143,3,1,0.333,0,3,3237,False,"[22746, 22730, 22751]"
1144,3,0,0.0,0,3,3237,False,"[6506, 6508, 6490]"
1145,3,0,0.0,0,3,3237,False,"[4810, 4798, 4791]"
1146,3,0,0.0,0,3,3237,False,"[12088, 12089, 12076]"
1147,3,1,0.333,0,3,3237,False,"[25053, 25051, 25045]"
1148,3,1,0.333,0,3,3237,False,"[22377, 22389, 22390]"
1149,3,1,0.333,0,3,3237,False,"[5176, 5169, 5182]"
1150,3,0,0.0,0,3,3237,False,"[21362, 21363, 21364]"
1151,3,1,0.333,0,3,3237,False,"[17588, 17541, 17581]"
1152,3,2,0.667,0,3,3237,True,"[16170, 16171, 16133]"
1153,3,1,0.333,0,3,3237,False,"[7752, 7780, 7758]"
1154,3,0,0.0,0,3,3237,False,"[25168, 25169, 25167]"
1155,3,0,0.0,0,3,3259,False,"[16762, 16756, 16749]"
1156,3,0,0.0,0,3,3259,False,"[26528, 26530, 26531]"
1157,3,0,0.0,0,3,3259,False,"[11504, 11506, 11507]"
1158,3,0,0.0,0,3,3259,False,"[6003, 5990, 5983]"
1159,3,0,0.0,0,3,3259,False,"[20970, 20939, 20988]"
1160,3,0,0.0,0,3,3259,False,"[9072, 9081, 9074]"
1161,3,0,0.0,0,3,3259,False,"[5083, 5068, 5069]"
1162,3,0,0.0,0,3,3259,False,"[22180, 22205, 22199]"
1163,3,0,0.0,0,3,3259,False,"[15232, 15275, 15262]"
1164,3,0,0.0,0,3,3259,False,"[10512, 10517, 10518]"
1165,3,0,0.0,0,3,3259,False,"[8260, 8262, 8263]"
1166,3,0,0.0,0,3,3259,False,"[22256, 22257, 22267]"
1167,3,0,0.0,0,3,3259,False,"[2239, 2198, 2199]"
1168,3,0,0.0,0,3,3259,False,"[21315, 21319, 21351]"
1169,3,0,0.0,0,3,3259,False,"[6968, 6937, 6975]"
1170,3,0,0.0,0,3,3259,False,"[18522, 18539, 18541]"
1171,3,0,0.0,0,3,3259,False,"[6250, 6268, 6271]"
1172,3,0,0.0,0,3,3259,False,"[28316, 28317, 28318]"
1173,3,0,0.0,0,3,3259,False,"[15528, 15507, 15531]"
1174,3,1,0.333,0,3,3259,False,"[29546, 29539, 29548]"
1175,3,0,0.0,0,3,3259,False,"[9538, 9530, 9527]"
1176,3,0,0.0,0,3,3259,False,"[5369, 5386, 5342]"
1177,3,0,0.0,0,3,3259,False,"[8736, 8737, 8735]"
1178,3,0,0.0,0,3,3259,False,"[3784, 3788, 3790]"
1179,3,1,0.333,0,3,3259,False,"[22361, 22350, 22351]"
1180,3,0,0.0,0,3,3259,False,"[28817, 28826, 28830]"
1181,3,0,0.0,0,3,3259,False,"[8546, 8539, 8540]"
1182,3,0,0.0,0,3,3259,False,"[27504, 27505, 27503]"
1183,3,0,0.0,0,3,3259,False,"[12496, 12498, 12487]"
1184,3,0,0.0,0,3,3259,False,"[5554, 5555, 5556]"
1185,3,0,0.0,0,3,3259,False,"[26314, 26331, 26343]"
1186,3,0,0.0,0,3,3259,False,"[6708, 6701, 6702]"
1187,3,0,0.0,0,3,3259,False,"[27368, 27386, 27388]"
1188,3,0,0.0,0,3,3259,False,"[12466, 12434, 12463]"
1189,3,0,0.0,0,3,3259,False,"[5873, 5877, 5871]"
1190,3,1,0.333,0,3,3267,False,"[22355, 22334, 22343]"
1191,3,0,0.0,0,3,3267,False,"[5656, 5642, 5658]"
1192,3,0,0.0,0,3,3267,False,"[4690, 4700, 4706]"
1193,3,0,0.0,0,3,3317,False,"[5357, 5406, 5351]"
1194,3,1,0.333,0,3,3317,False,"[12776, 12813, 12775]"
1195,3,0,0.0,0,3,3317,False,"[2650, 2636, 2647]"
1196,3,1,0.333,0,3,3317,False,"[6225, 6227, 6255]"
1197,3,0,0.0,0,3,3317,False,"[9136, 9146, 9131]"
1198,3,0,0.0,0,3,3317,False,"[10473, 10468, 10469]"
1199,3,0,0.0,0,3,3317,False,"[18296, 18298, 18311]"
1200,3,0,0.0,0,3,3317,False,"[3372, 3356, 3343]"
1201,3,0,0.0,0,3,3318,False,"[10561, 10570, 10575]"
1202,3,0,0.0,0,3,3318,False,"[11888, 11849, 11893]"
1203,3,0,0.0,0,3,3318,False,"[15552, 15584, 15556]"
1204,3,1,0.333,0,3,3318,False,"[29185, 29186, 29166]"
1205,3,1,0.333,0,3,3318,False,"[6201, 6171, 6199]"
1206,3,1,0.333,0,3,3318,False,"[14277, 14254, 14295]"
1207,3,0,0.0,0,3,3318,False,"[3362, 3363, 3378]"
1208,3,0,0.0,0,3,3318,False,"[4672, 4716, 4661]"
1209,3,0,0.0,0,3,3318,False,"[8185, 8179, 8177]"
1210,3,0,0.0,0,3,3318,False,"[12576, 12579, 12575]"
1211,3,0,0.0,0,3,3318,False,"[26312, 26316, 26311]"
1212,3,0,0.0,0,3,3318,False,"[16276, 16266, 16268]"
1213,3,0,0.0,0,3,3318,False,"[4595, 4580, 4583]"
1214,3,0,0.0,0,3,3318,False,"[10816, 10819, 10820]"
1215,3,0,0.0,0,3,3318,False,"[14642, 14635, 14637]"
1216,3,1,0.333,0,3,3318,False,"[24536, 24534, 24559]"
1217,3,0,0.0,0,3,3318,False,"[8328, 8299, 8319]"
1218,3,0,0.0,0,3,3318,False,"[22640, 22641, 22618]"
1219,3,0,0.0,0,3,3318,False,"[25385, 25373, 25377]"
1220,3,0,0.0,0,3,3318,False,"[19026, 19043, 19044]"
1221,3,0,0.0,0,3,3318,False,"[5262, 5221, 5230]"
1222,3,1,0.333,0,3,3318,False,"[4121, 4131, 4140]"
1223,3,0,0.0,0,3,3318,False,"[11448, 11429, 11447]"
1224,3,0,0.0,0,3,3318,False,"[8795, 8790, 8791]"
1225,3,0,0.0,0,3,3318,False,"[23457, 23435, 23444]"
1226,3,0,0.0,0,3,3318,False,"[13288, 13283, 13286]"
1227,3,0,0.0,0,3,3318,False,"[2118, 2093, 2102]"
1228,3,0,0.0,0,3,3318,False,"[9988, 9974, 9967]"
1229,3,0,0.0,0,3,3318,False,"[24949, 24950, 24951]"
1230,3,0,0.0,0,3,3318,False,"[14012, 13981, 13982]"
1231,3,0,0.0,0,3,3318,False,"[4195, 4164, 4167]"
1232,3,1,0.333,0,3,3318,False,"[23785, 23730, 23726]"
1233,3,0,0.0,0,3,3318,False,"[10449, 10435, 10453]"
1234,3,0,0.0,0,3,3495,False,"[29457, 29435, 29454]"
1235,3,0,0.0,0,3,3495,False,"[13570, 13572, 13581]"
1236,3,0,0.0,0,3,3495,False,"[21736, 21745, 21733]"
1237,3,0,0.0,0,3,3567,False,"[27464, 27489, 27452]"
1238,3,0,0.0,0,3,3582,False,"[10794, 10796, 10799]"
1239,3,0,0.0,0,3,3582,False,"[21121, 21140, 21126]"
1240,3,2,0.667,0,3,3582,True,"[12794, 12803, 12797]"
1241,3,0,0.0,0,3,3618,False,"[3824, 3856, 3859]"
1242,3,0,0.0,0,3,3618,False,"[22944, 22945, 22943]"
1243,3,0,0.0,0,3,3618,False,"[2553, 2531, 2523]"
1244,3,0,0.0,0,3,3618,False,"[18976, 18966, 18974]"
1245,3,3,1.0,0,3,3618,True,"[1132, 1133, 1135]"
1246,3,0,0.0,0,3,3618,False,"[4585, 4578, 4597]"
1247,3,0,0.0,0,3,3677,False,"[2272, 2267, 2286]"
1248,3,0,0.0,0,3,3677,False,"[14712, 14736, 14734]"
1249,3,0,0.0,0,3,3677,False,"[17721, 17723, 17709]"
1250,3,0,0.0,0,3,3677,False,"[25473, 25475, 25478]"
1251,3,0,0.0,0,3,3677,False,"[19834, 19819, 19821]"
1252,3,0,0.0,0,3,3677,False,"[24801, 24802, 24811]"
1253,3,0,0.0,0,3,3684,False,"[14410, 14411, 14404]"
1254,3,0,0.0,0,3,3684,False,"[15105, 15106, 15115]"
1255,3,0,0.0,0,3,3684,False,"[7867, 7869, 7870]"
1256,3,0,0.0,0,3,3684,False,"[2283, 2292, 2279]"
1257,3,0,0.0,0,3,3684,False,"[26109, 26110, 26111]"
1258,3,0,0.0,0,3,3684,False,"[29472, 29465, 29461]"
1259,3,0,0.0,0,3,3684,False,"[15825, 15830, 15814]"
1260,3,0,0.0,0,3,3684,False,"[29714, 29738, 29751]"
1261,3,0,0.0,0,3,3745,False,"[14321, 14346, 14354]"
1262,3,1,0.333,0,3,3745,False,"[15744, 15777, 15801]"
1263,3,1,0.333,0,3,3745,False,"[13440, 13427, 13428]"
1264,3,1,0.333,0,3,3745,False,"[20105, 20100, 20086]"
1265,3,2,0.667,0,3,3745,True,"[4675, 4709, 4686]"
1266,3,0,0.0,0,3,3745,False,"[20528, 20500, 20526]"
1267,3,0,0.0,0,3,3745,False,"[8145, 8148, 8149]"
1268,3,1,0.333,0,3,3745,False,"[28506, 28475, 28502]"
1269,3,0,0.0,0,3,3745,False,"[4724, 4741, 4750]"
1270,3,0,0.0,0,3,3745,False,"[20001, 19962, 19996]"
1271,3,0,0.0,0,3,3745,False,"[9737, 9741, 9734]"
1272,3,0,0.0,0,3,3745,False,"[18730, 18733, 18735]"
1273,3,0,0.0,0,3,3745,False,"[12016, 11993, 12000]"
1274,3,0,0.0,0,3,3745,False,"[13019, 13029, 13030]"
1275,3,1,0.333,0,3,3745,False,"[7024, 7026, 7074]"
1276,3,1,0.333,0,3,3745,False,"[24339, 24341, 24343]"
1277,3,0,0.0,0,3,3745,False,"[8600, 8594, 8599]"
1278,3,2,0.667,0,3,3745,True,"[21601, 21578, 21597]"
1279,3,0,0.0,0,3,3745,False,"[29344, 29347, 29349]"
1280,3,1,0.333,0,3,3745,False,"[10691, 10749, 10742]"
1281,3,0,0.0,0,3,3745,False,"[16640, 16642, 16646]"
1282,3,0,0.0,0,3,3745,False,"[4218, 4219, 4229]"
1283,3,0,0.0,0,3,3745,False,"[11769, 11786, 11765]"
1284,3,0,0.0,0,3,3745,False,"[6609, 6610, 6612]"
1285,3,0,0.0,0,3,3745,False,"[7913, 7924, 7903]"
1286,3,0,0.0,0,3,3745,False,"[4971, 4972, 5005]"
1287,3,0,0.0,0,3,3745,False,"[20258, 20259, 20263]"
1288,3,1,0.333,0,3,3745,False,"[10097, 10137, 10135]"
1289,3,0,0.0,0,3,3745,False,"[2843, 2844, 2852]"
1290,3,1,0.333,0,3,3745,False,"[26379, 26387, 26358]"
1291,3,1,0.333,0,3,3745,False,"[17376, 17402, 17373]"
1292,3,0,0.0,0,3,3745,False,"[12256, 12242, 12243]"
1293,3,0,0.0,0,3,3745,False,"[8768, 8733, 8741]"
1294,3,2,0.667,0,3,3745,True,"[15384, 15357, 15383]"
1295,3,0,0.0,0,3,3745,False,"[3130, 3135, 3127]"
1296,3,0,0.0,0,3,3745,False,"[12225, 12227, 12239]"
1297,3,0,0.0,0,3,3745,False,"[27585, 27603, 27583]"
1298,3,0,0.0,0,3,3745,False,"[16091, 16103, 16099]"
1299,3,0,0.0,0,3,3745,False,"[20448, 20457, 20464]"
1300,3,0,0.0,0,3,3745,False,"[25330, 25338, 25332]"
1301,3,1,0.333,0,3,3745,False,"[20640, 20635, 20581]"
1302,3,0,0.0,0,3,3745,False,"[4452, 4454, 4439]"
1303,3,0,0.0,0,3,3745,False,"[18408, 18395, 18404]"
1304,3,1,0.333,0,3,3745,False,"[3697, 3686, 3703]"
1305,3,0,0.0,0,3,3745,False,"[9067, 9068, 9063]"
1306,3,0,0.0,0,3,3745,False,"[10505, 10514, 10510]"
1307,3,0,0.0,0,3,3745,False,"[12808, 12796, 12807]"
1308,3,0,0.0,0,3,3745,False,"[7577, 7562, 7556]"
1309,3,2,0.667,0,3,3745,True,"[21410, 21354, 21412]"
1310,3,0,0.0,0,3,3745,False,"[9104, 9117, 9118]"
1311,3,0,0.0,0,3,3745,False,"[18513, 18516, 18567]"
1312,3,0,0.0,0,3,3745,False,"[16440, 16441, 16439]"
1313,3,0,0.0,0,3,3745,False,"[7673, 7634, 7669]"
1314,3,1,0.333,0,3,3745,False,"[25481, 25443, 25457]"
1315,3,0,0.0,0,3,3745,False,"[26673, 26686, 26679]"
1316,3,0,0.0,0,3,3745,False,"[7720, 7723, 7732]"
1317,3,0,0.0,0,3,3745,False,"[23535, 23542, 23543]"
1318,3,0,0.0,0,3,3745,False,"[26041, 26067, 26047]"
1319,3,0,0.0,0,3,3745,False,"[22240, 22233, 22194]"
1320,3,0,0.0,0,3,3745,False,"[12147, 12166, 12167]"
1321,3,0,0.0,0,3,3745,False,"[25561, 25579, 25572]"
1322,3,2,0.667,0,3,3745,True,"[13809, 13794, 13807]"
1323,3,2,0.667,0,3,3745,True,"[25856, 25849, 25836]"
1324,3,1,0.333,0,3,3745,False,"[26474, 26482, 26455]"
1325,3,1,0.333,0,3,3745,False,"[28448, 28444, 28445]"
1326,3,1,0.333,0,3,3745,False,"[10944, 10937, 10923]"
1327,3,0,0.0,0,3,3745,False,"[26665, 26661, 26630]"
1328,3,0,0.0,0,3,3745,False,"[27662, 27646, 27663]"
1329,3,0,0.0,0,3,3745,False,"[5196, 5197, 5198]"
1330,3,0,0.0,0,3,3745,False,"[24091, 24058, 24075]"
1331,3,0,0.0,0,3,3745,False,"[14100, 14101, 14103]"
1332,3,0,0.0,0,3,3745,False,"[19168, 19171, 19166]"
1333,3,0,0.0,0,3,3745,False,"[28048, 28026, 28047]"
1334,3,1,0.333,0,3,3745,False,"[17033, 17026, 17044]"
1335,3,0,0.0,0,3,3745,False,"[13158, 13163, 13134]"
1336,3,0,0.0,0,3,3768,False,"[7648, 7681, 7679]"
1337,3,0,0.0,0,3,3768,False,"[8217, 8212, 8214]"
1338,3,0,0.0,0,3,3768,False,"[13444, 13445, 13447]"
1339,3,0,0.0,0,3,3875,False,"[16354, 16340, 16357]"
1340,3,0,0.0,0,3,3875,False,"[25257, 25250, 25253]"
1341,3,0,0.0,0,3,3875,False,"[11048, 11041, 11039]"
1342,3,1,0.333,0,3,3875,False,"[3187, 3211, 3214]"
1343,3,0,0.0,0,3,3875,False,"[4113, 4114, 4155]"
1344,3,0,0.0,0,3,3875,False,"[28633, 28603, 28617]"
1345,3,1,0.333,0,3,3875,False,"[15657, 15667, 15673]"
1346,3,0,0.0,0,3,3875,False,"[4944, 4923, 4908]"
1347,3,0,0.0,0,3,3875,False,"[14592, 14593, 14591]"
1348,3,0,0.0,0,3,3875,False,"[23353, 23349, 23382]"
1349,3,0,0.0,0,3,3875,False,"[14168, 14163, 14179]"
1350,3,0,0.0,0,3,3876,False,"[29248, 29234, 29198]"
1351,3,0,0.0,0,3,3876,False,"[12138, 12149, 12150]"
1352,3,0,0.0,0,3,3876,False,"[26776, 26780, 26788]"
1353,3,0,0.0,0,3,3876,False,"[20731, 20732, 20733]"
1354,3,0,0.0,0,3,3876,False,"[7717, 7693, 7703]"
1355,3,0,0.0,0,3,3876,False,"[20937, 20958, 20935]"
1356,3,1,0.333,0,3,3876,False,"[13745, 13749, 13735]"
1357,3,1,0.333,0,3,3876,False,"[6130, 6139, 6125]"
1358,3,1,0.333,0,3,3876,False,"[10049, 10077, 10062]"
1359,3,0,0.0,0,3,3876,False,"[1648, 1674, 1675]"
1360,3,0,0.0,0,3,3876,False,"[14704, 14706, 14708]"
1361,3,1,0.333,0,3,3876,False,"[22411, 22452, 22421]"
1362,3,1,0.333,0,3,3876,False,"[18353, 18325, 18343]"
1363,3,0,0.0,0,3,3876,False,"[10883, 10860, 10829]"
1364,3,1,0.333,0,3,3876,False,"[16938, 16963, 16941]"
1365,3,0,0.0,0,3,3876,False,"[18480, 18462, 18463]"
1366,3,2,0.667,0,3,3876,True,"[4057, 4054, 4046]"
1367,3,1,0.333,0,3,3876,False,"[15568, 15571, 15559]"
1368,3,0,0.0,0,3,3876,False,"[25929, 25922, 25927]"
1369,3,0,0.0,0,3,3876,False,"[8553, 8555, 8541]"
1370,3,0,0.0,0,3,3876,False,"[15818, 15852, 15831]"
1371,3,1,0.333,0,3,3876,False,"[7059, 7075, 7019]"
1372,3,0,0.0,0,3,3876,False,"[8641, 8659, 8657]"
1373,3,1,0.333,0,3,3876,False,"[19261, 19245, 19302]"
1374,3,1,0.333,0,3,3876,False,"[4096, 4156, 4141]"
1375,3,0,0.0,0,3,3876,False,"[23753, 23741, 23767]"
1376,3,0,0.0,0,3,3876,False,"[24625, 24629, 24633]"
1377,3,0,0.0,0,3,3876,False,"[1687, 1686, 1743]"
1378,3,0,0.0,0,3,3876,False,"[4594, 4596, 4591]"
1379,3,0,0.0,0,3,3888,False,"[23850, 23852, 23814]"
1380,3,1,0.333,0,3,3888,False,"[8872, 8892, 8855]"
1381,3,0,0.0,0,3,3888,False,"[19450, 19428, 19461]"
1382,3,0,0.0,0,3,3888,False,"[17488, 17470, 17479]"
1383,3,0,0.0,0,3,3888,False,"[26870, 26867, 26862]"
1384,3,1,0.333,0,3,3888,False,"[25113, 25132, 25121]"
1385,3,0,0.0,0,3,3888,False,"[5936, 5951, 5959]"
1386,3,0,0.0,0,3,3888,False,"[1977, 1990, 1975]"
1387,3,1,0.333,0,3,3888,False,"[15755, 15779, 15806]"
1388,3,0,0.0,0,3,4034,False,"[12592, 12593, 12590]"
1389,3,1,0.333,0,3,4034,False,"[21773, 21781, 21742]"
1390,3,0,0.0,0,3,4034,False,"[29352, 29341, 29350]"
1391,3,1,0.333,0,3,4034,False,"[10857, 10843, 10868]"
1392,3,0,0.0,0,3,4076,False,"[27629, 27619, 27645]"
1393,3,0,0.0,0,3,4076,False,"[10841, 10844, 10837]"
1394,3,1,0.333,0,3,4083,False,"[22216, 22226, 22231]"
1395,3,0,0.0,0,3,4083,False,"[26187, 26195, 26173]"
1396,3,0,0.0,0,3,4083,False,"[10448, 10442, 10437]"
1397,3,0,0.0,0,3,4083,False,"[13522, 13530, 13503]"
1398,3,0,0.0,0,3,4148,False,"[2472, 2475, 2453]"
1399,3,0,0.0,0,3,4148,False,"[24020, 24014, 24015]"
1400,3,0,0.0,0,3,4148,False,"[4249, 4250, 4251]"
1401,3,0,0.0,0,3,4148,False,"[4624, 4625, 4623]"
1402,3,0,0.0,0,3,4148,False,"[23140, 23116, 23117]"
1403,3,0,0.0,0,3,4223,False,"[9585, 9580, 9581]"
1404,3,0,0.0,0,3,4223,False,"[5137, 5156, 5109]"
1405,3,0,0.0,0,3,4223,False,"[11377, 11347, 11372]"
1406,3,0,0.0,0,3,4223,False,"[11792, 11795, 11796]"
1407,3,0,0.0,0,3,4223,False,"[1833, 1851, 1839]"
1408,3,0,0.0,0,3,4223,False,"[22432, 22427, 22423]"
1409,3,0,0.0,0,3,4223,False,"[7664, 7662, 7647]"
1410,3,0,0.0,0,3,4223,False,"[13321, 13322, 13319]"
1411,3,0,0.0,0,3,4223,False,"[3416, 3417, 3427]"
1412,3,1,0.333,0,3,4223,False,"[6984, 6985, 6991]"
1413,3,0,0.0,0,3,4223,False,"[4305, 4306, 4327]"
1414,3,0,0.0,0,3,4363,False,"[8640, 8619, 8620]"
1415,3,0,0.0,0,3,4363,False,"[11096, 11134, 11103]"
1416,3,0,0.0,0,3,4363,False,"[28776, 28773, 28774]"
1417,3,0,0.0,0,3,4363,False,"[2625, 2580, 2573]"
1418,3,0,0.0,0,3,4390,False,"[23874, 23884, 23869]"
1419,3,0,0.0,0,3,4390,False,"[15395, 15372, 15388]"
1420,3,1,0.333,0,3,4477,False,"[10915, 10916, 10941]"
1421,3,0,0.0,0,3,4477,False,"[10456, 10434, 10460]"
1422,3,0,0.0,0,3,4477,False,"[6785, 6794, 6809]"
1423,3,0,0.0,0,3,4617,False,"[2769, 2770, 2781]"
1424,3,0,0.0,0,3,4617,False,"[4291, 4292, 4277]"
1425,3,0,0.0,0,3,4692,False,"[9394, 9413, 9414]"
1426,3,0,0.0,0,3,4692,False,"[16504, 16522, 16515]"
1427,3,1,0.333,0,3,4692,False,"[14705, 14698, 14718]"
1428,3,0,0.0,0,3,4692,False,"[13274, 13250, 13251]"
1429,3,0,0.0,0,3,4692,False,"[29515, 29565, 29543]"
1430,3,0,0.0,0,3,4692,False,"[12369, 12353, 12361]"
1431,3,0,0.0,0,3,4698,False,"[10256, 10257, 10229]"
1432,3,1,0.333,0,3,4698,False,"[15280, 15281, 15288]"
1433,3,1,0.333,0,3,4698,False,"[13000, 12981, 12983]"
1434,3,1,0.333,0,3,4698,False,"[25317, 25315, 25301]"
1435,3,1,0.333,0,3,4698,False,"[3875, 3885, 3877]"
1436,3,1,0.333,0,3,4698,False,"[23360, 23361, 23393]"
1437,3,0,0.0,0,3,4698,False,"[24528, 24523, 24524]"
1438,3,0,0.0,0,3,4698,False,"[8360, 8357, 8359]"
1439,3,0,0.0,0,3,4698,False,"[6001, 5967, 5999]"
1440,3,0,0.0,0,3,4698,False,"[5528, 5540, 5511]"
1441,3,1,0.333,0,3,4698,False,"[6994, 6995, 6997]"
1442,3,0,0.0,0,3,4698,False,"[4105, 4106, 4117]"
1443,3,0,0.0,0,3,4698,False,"[4512, 4532, 4492]"
1444,3,0,0.0,0,3,4698,False,"[13385, 13339, 13340]"
1445,3,0,0.0,0,3,4698,False,"[24689, 24682, 24690]"
1446,3,0,0.0,0,3,4698,False,"[19976, 19978, 19972]"
1447,3,0,0.0,0,3,4698,False,"[23572, 23581, 23582]"
1448,3,1,0.333,0,3,4698,False,"[19003, 18971, 18997]"
1449,3,0,0.0,0,3,4698,False,"[27472, 27473, 27458]"
1450,3,1,0.333,0,3,4698,False,"[13096, 13091, 13109]"
1451,3,0,0.0,0,3,4698,False,"[22225, 22229, 22223]"
1452,3,0,0.0,0,3,4698,False,"[13209, 13205, 13199]"
1453,3,0,0.0,0,3,4698,False,"[7339, 7380, 7357]"
1454,3,0,0.0,0,3,4698,False,"[23017, 23002, 23014]"
1455,3,1,0.333,0,3,4698,False,"[7491, 7508, 7510]"
1456,3,0,0.0,0,3,4698,False,"[20889, 20890, 20916]"
1457,3,0,0.0,0,3,4698,False,"[3608, 3633, 3594]"
1458,3,0,0.0,0,3,4698,False,"[2739, 2733, 2741]"
1459,3,0,0.0,0,3,4698,False,"[6824, 6829, 6831]"
1460,3,1,0.333,0,3,4698,False,"[4649, 4602, 4642]"
1461,3,0,0.0,0,3,4698,False,"[16112, 16140, 16149]"
1462,3,1,0.333,0,3,4698,False,"[24106, 24133, 24110]"
1463,3,1,0.333,0,3,4698,False,"[25000, 24954, 24958]"
1464,3,0,0.0,0,3,4698,False,"[20169, 20135, 20167]"
1465,3,0,0.0,0,3,4698,False,"[15489, 15516, 15492]"
1466,3,0,0.0,0,3,4698,False,"[2904, 2956, 2910]"
1467,3,0,0.0,0,3,4698,False,"[18377, 18379, 18391]"
1468,3,0,0.0,0,3,4698,False,"[29392, 29393, 29364]"
1469,3,0,0.0,0,3,4698,False,"[12105, 12106, 12124]"
1470,3,0,0.0,0,3,4698,False,"[6709, 6686, 6719]"
1471,3,0,0.0,0,3,4698,False,"[1835, 1830, 1871]"
1472,3,1,0.333,0,3,4698,False,"[15200, 15187, 15191]"
1473,3,0,0.0,0,3,4698,False,"[4689, 4693, 4710]"
1474,3,0,0.0,0,3,4698,False,"[26340, 26317, 26327]"
1475,3,0,0.0,0,3,4698,False,"[16768, 16770, 16766]"
1476,3,0,0.0,0,3,4698,False,"[21160, 21158, 21184]"
1477,3,0,0.0,0,3,4698,False,"[16869, 16866, 16893]"
1478,3,0,0.0,0,3,4698,False,"[10528, 10529, 10544]"
1479,3,0,0.0,0,3,4698,False,"[11520, 11523, 11525]"
1480,3,0,0.0,0,3,4698,False,"[22584, 22571, 22573]"
1481,3,1,0.333,0,3,4698,False,"[28561, 28556, 28558]"
1482,3,2,0.667,0,3,4698,True,"[15680, 15650, 15655]"
1483,3,0,0.0,0,3,4698,False,"[25584, 25586, 25627]"
1484,3,0,0.0,0,3,4698,False,"[25675, 25669, 25695]"
1485,3,0,0.0,0,3,4698,False,"[25208, 25209, 25207]"
1486,3,0,0.0,0,3,4698,False,"[22056, 22059, 22028]"
1487,3,1,0.333,0,3,4698,False,"[12513, 12524, 12477]"
1488,3,0,0.0,0,3,4698,False,"[8277, 8278, 8279]"
1489,3,0,0.0,0,3,4698,False,"[17236, 17223, 17215]"
1490,3,1,0.333,0,3,4698,False,"[10989, 10965, 10966]"
1491,3,0,0.0,0,3,4698,False,"[26908, 26909, 26910]"
1492,3,0,0.0,0,3,4698,False,"[14081, 14042, 14031]"
1493,3,0,0.0,0,3,4698,False,"[2024, 2032, 2035]"
1494,3,0,0.0,0,3,4698,False,"[8296, 8297, 8309]"
1495,3,0,0.0,0,3,4698,False,"[5637, 5635, 5629]"
1496,3,1,0.333,0,3,4698,False,"[9848, 9818, 9852]"
1497,3,1,0.333,0,3,4698,False,"[15793, 15782, 15766]"
1498,3,1,0.333,0,3,4698,False,"[4866, 4898, 4894]"
1499,3,0,0.0,0,3,4698,False,"[18177, 18180, 18183]"
1500,3,0,0.0,0,3,4698,False,"[5588, 5597, 5598]"
1501,3,1,0.333,0,3,4698,False,"[9908, 9909, 9902]"
1502,3,0,0.0,0,3,4698,False,"[7205, 7214, 7151]"
1503,3,0,0.0,0,3,4698,False,"[7938, 7981, 7941]"
1504,3,0,0.0,0,3,4698,False,"[23061, 23068, 23069]"
1505,3,1,0.333,0,3,4698,False,"[25808, 25797, 25781]"
1506,3,1,0.333,0,3,4698,False,"[16705, 16699, 16694]"
1507,3,1,0.333,0,3,4698,False,"[25405, 25406, 25399]"
1508,3,0,0.0,0,3,4698,False,"[3419, 3422, 3415]"
1509,3,1,0.333,0,3,4698,False,"[24162, 24141, 24166]"
1510,3,0,0.0,0,3,4698,False,"[25649, 25658, 25663]"
1511,3,0,0.0,0,3,4698,False,"[20082, 20053, 20054]"
1512,3,1,0.333,0,3,4698,False,"[4386, 4395, 4413]"
1513,3,0,0.0,0,3,4698,False,"[17113, 17108, 17109]"
1514,3,0,0.0,0,3,4698,False,"[10081, 10082, 10091]"
1515,3,2,0.667,0,3,4698,True,"[28069, 28061, 28087]"
1516,3,2,0.667,0,3,4698,True,"[16224, 16228, 16221]"
1517,3,1,0.333,0,3,4698,False,"[21873, 21874, 21852]"
1518,3,0,0.0,0,3,4698,False,"[17896, 17874, 17910]"
1519,3,0,0.0,0,3,4698,False,"[5499, 5501, 5486]"
1520,3,0,0.0,0,3,4698,False,"[12665, 12659, 12645]"
1521,3,0,0.0,0,3,4698,False,"[21258, 21251, 21260]"
1522,3,0,0.0,0,3,4698,False,"[24411, 24412, 24407]"
1523,3,0,0.0,0,3,4698,False,"[11224, 11260, 11239]"
1524,3,1,0.333,0,3,4698,False,"[3344, 3346, 3380]"
1525,3,2,0.667,0,3,4698,True,"[25817, 25850, 25851]"
1526,3,1,0.333,0,3,4698,False,"[28976, 28968, 28974]"
1527,3,0,0.0,0,3,4698,False,"[2179, 2140, 2142]"
1528,3,0,0.0,0,3,4698,False,"[2244, 2197, 2191]"
1529,3,0,0.0,0,3,4698,False,"[13770, 13772, 13781]"
1530,3,1,0.333,0,3,4698,False,"[24873, 24851, 24870]"
1531,3,1,0.333,0,3,4698,False,"[14953, 14969, 14950]"
1532,3,0,0.0,0,3,4698,False,"[8761, 8762, 8758]"
1533,3,0,0.0,0,3,4698,False,"[24344, 24345, 24346]"
1534,3,0,0.0,0,3,4698,False,"[28689, 28698, 28691]"
1535,3,0,0.0,0,3,4735,False,"[26794, 26795, 26796]"
1536,3,0,0.0,0,3,4800,False,"[11106, 11107, 11130]"
1537,3,0,0.0,0,3,4800,False,"[7931, 7926, 7911]"
1538,3,0,0.0,0,3,4800,False,"[6450, 6445, 6438]"
1539,3,0,0.0,0,3,4800,False,"[4115, 4091, 4099]"
1540,3,0,0.0,0,3,4800,False,"[9744, 9752, 9754]"
1541,3,1,0.333,0,3,4820,False,"[8104, 8125, 8126]"
1542,3,0,0.0,0,3,4820,False,"[14200, 14201, 14208]"
1543,3,1,0.333,0,3,4820,False,"[11728, 11724, 11719]"
1544,3,0,0.0,0,3,4820,False,"[13276, 13277, 13278]"
1545,3,0,0.0,0,3,4820,False,"[3168, 3158, 3167]"
1546,3,0,0.0,0,3,4820,False,"[3769, 3739, 3763]"
1547,3,0,0.0,0,3,4820,False,"[14328, 14320, 14319]"
1548,3,0,0.0,0,3,4820,False,"[27296, 27285, 27310]"
1549,3,1,0.333,0,3,4864,False,"[1819, 1822, 1775]"
1550,3,0,0.0,0,3,4864,False,"[29907, 29902, 29903]"
1551,3,1,0.333,0,3,4864,False,"[23553, 23555, 23583]"
1552,3,0,0.0,0,3,4864,False,"[29873, 29869, 29870]"
1553,3,0,0.0,0,3,4988,False,"[19081, 19067, 19078]"
1554,3,0,0.0,0,3,4988,False,"[9560, 9568, 9533]"
1555,3,0,0.0,0,3,4988,False,"[5920, 5922, 5924]"
1556,3,0,0.0,0,3,4988,False,"[26288, 26276, 26295]"
1557,3,0,0.0,0,3,4988,False,"[5915, 5894, 5895]"
1558,3,0,0.0,0,3,4988,False,"[8680, 8681, 8682]"
1559,3,0,0.0,0,3,4988,False,"[11036, 11037, 11060]"
1560,3,0,0.0,0,3,4988,False,"[22250, 22266, 22251]"
1561,3,0,0.0,0,3,4988,False,"[2976, 2986, 2988]"
1562,3,0,0.0,0,3,4988,False,"[16352, 16290, 16287]"
1563,3,0,0.0,0,3,4988,False,"[12160, 12161, 12158]"
1564,3,0,0.0,0,3,4988,False,"[15574, 15565, 15582]"
1565,3,0,0.0,0,3,4988,False,"[17328, 17363, 17325]"
1566,3,0,0.0,0,3,4988,False,"[4210, 4220, 4222]"
1567,3,0,0.0,0,3,4988,False,"[12858, 12860, 12829]"
1568,3,0,0.0,0,3,4988,False,"[5264, 5226, 5260]"
1569,3,0,0.0,0,3,4988,False,"[6065, 6076, 6055]"
1570,3,0,0.0,0,3,4988,False,"[8824, 8848, 8814]"
1571,3,1,0.333,0,3,4988,False,"[6186, 6221, 6183]"
1572,3,0,0.0,0,3,4988,False,"[4937, 4938, 4959]"
1573,3,0,0.0,0,3,4988,False,"[7128, 7114, 7115]"
1574,3,0,0.0,0,3,4988,False,"[8285, 8252, 8269]"
1575,3,0,0.0,0,3,4988,False,"[4811, 4797, 4822]"
1576,3,0,0.0,0,3,4988,False,"[3184, 3180, 3173]"
1577,3,0,0.0,0,3,4988,False,"[29432, 29453, 29446]"
1578,3,0,0.0,0,3,4988,False,"[8904, 8945, 8947]"
1579,3,0,0.0,0,3,4988,False,"[27833, 27842, 27836]"
1580,3,0,0.0,0,3,4988,False,"[21048, 21056, 21014]"
1581,3,0,0.0,0,3,4988,False,"[4416, 4400, 4398]"
1582,3,0,0.0,0,3,4997,False,"[17530, 17499, 17491]"
1583,3,0,0.0,0,3,4997,False,"[11273, 11270, 11271]"
1584,3,0,0.0,0,3,5025,False,"[2241, 2245, 2205]"
